station,year,day,hour,temp,rh,totalRadiation,CO2,wind,soilWater_Potential,soilWater_content,rainfall,E_mg.plant.s,E_g.m2.h,wholePlantLeafArea_m2,PPFD,VPD,predawn,leaf.wp,ABA.umol.m3,predawn_interpolated_smooth
Bordeaux,2012,180,0,21.385,0.853774229,0.336545454,400,1,-0.133125,0.349054407,,0.165078493,4.576734548,0.1298486,0.1851,0.353611609,NA,NA,NA,-0.133125
Bordeaux,2012,180,1,21.185,0.859474225,0.334909091,400,1,-0.134232932761916,0.348927021,,0.09211563,2.553868645,0.1298486,0.1842,0.357279659,NA,NA,NA,-0.134232932761916
Bordeaux,2012,180,2,21.19875,0.858125477,0.339409091,400,1,-0.135352945790602,0.348500342,,0.3027064,8.392412693,0.1298486,0.186675,0.372225163,NA,NA,NA,-0.135352945790602
Bordeaux,2012,180,3,21.38375,0.853930164,0.344727272,400,1,-0.136497119352828,0.348330094,,0.115032395,3.18922671,0.1298486,0.1896,0.411166162,NA,NA,NA,-0.136497119352828
Bordeaux,2012,180,4,21.67375,0.841509226,11.19408208,400,1,-0.137677533715364,0.348245413,,0.054353288,1.506922956,0.1298486,6.156745146,0.46154732,NA,NA,NA,-0.137677533715364
Bordeaux,2012,180,5,21.961875,0.825274551,110.5616155,400,1,-0.138906269144981,0.347734848,,0.351871431,9.75549334,0.1298486,60.80888852,0.742782533,NA,NA,NA,-0.138906269144981
Bordeaux,2012,180,6,23.73,0.755870463,407.4902762,400,1,-0.140195405908447,0.345435245,,1.577869627,43.74579824,0.1298486,224.1196519,0.957916695,NA,NA,NA,-0.140195405908447
Bordeaux,2012,180,7,25.3025,0.705055817,835.4525454,400,1,-0.141557024272534,0.341773673,,2.517595881,69.79932916,0.1298486,459.4989,0.821415169,NA,NA,NA,-0.141557024272534
Bordeaux,2012,180,8,24.890625,0.740458485,1149.695556,400,1,-0.143003204504013,0.33813602,,2.513766136,69.69315101,0.1298486,632.3325555,0.696680931,NA,NA,NA,-0.143003204504013
Bordeaux,2012,180,9,24.49375,0.774030082,1169.660285,400,1,-0.144546026869651,0.334304127,,2.658971491,73.71891085,0.1298486,643.313157,0.700518612,-0.18,-0.58,NA,-0.144546026869651
Bordeaux,2012,180,10,24.795,0.77765219,1293.509507,400,1,-0.14619757163622,0.329770156,,3.139505552,87.04152364,0.1298486,711.4302287,0.960648147,-0.11,-0.465,393.8475902,-0.14619757163622
Bordeaux,2012,180,11,26.48625,0.73081866,1955.188621,400,1,-0.14796991907049,0.322897879,,4.754269776,131.8102097,0.1298486,1075.353742,1.297630887,-0.1225,-0.5525,192.28602,-0.14796991907049
Bordeaux,2012,180,12,28.491875,0.67212954,2232.167669,400,1,-0.14987514943923,0.315152364,,5.352291583,148.3901228,0.1298486,1227.692218,1.207390533,-0.12,-0.57,196.8879471,-0.14987514943923
Bordeaux,2012,180,13,28.119375,0.688244121,1630.186411,400,1,-0.151925343009211,0.309938417,,3.611816531,100.1361548,0.1298486,896.6025262,0.942324001,NA,NA,NA,-0.151925343009211
Bordeaux,2012,180,14,27.02875,0.738169494,1332.309505,400,1,-0.154132580047204,0.305980615,,2.734652923,75.81714799,0.1298486,732.7702279,0.967864705,NA,NA,NA,-0.154132580047204
Bordeaux,2012,180,15,27.5125,0.738658496,1606.697924,400,1,-0.156508940819977,0.300511307,,3.779307233,104.7797669,0.1298486,883.6838584,1.00853367,NA,NA,NA,-0.156508940819977
Bordeaux,2012,180,16,27.5825,0.728137036,1512.444377,400,1,-0.159066505594301,0.296063054,,3.070346334,85.12411224,0.1298486,831.8444072,0.883655729,NA,NA,NA,-0.159066505594301
Bordeaux,2012,180,17,26.586875,0.747456848,1010.900727,400,1,-0.161817354636948,0.293039108,,2.095181918,58.0880726,0.1298486,555.9954001,0.881968482,NA,NA,NA,-0.161817354636948
Bordeaux,2012,180,18,26.345,0.743782189,554.0857891,400,1,-0.164773568214684,0.291037298,,1.38553743,38.41346575,0.1298486,304.747184,1.051426049,NA,NA,NA,-0.164773568214684
Bordeaux,2012,180,19,26.914375,0.704894388,218.5880426,400,1,-0.167947226594281,0.290228325,,0.560058196,15.52738732,0.1298486,120.2234235,0.924114281,NA,NA,NA,-0.167947226594281
Bordeaux,2012,180,20,25.949375,0.729215829,44.94868658,400,1,-0.171350410042512,0.289866592,,0.252804401,7.008899921,0.1298486,24.72177762,0.625336333,NA,NA,NA,-0.171350410042512
Bordeaux,2012,180,21,24.153125,0.793333967,0.614727272,400,1,-0.174995198826141,0.289568171,,0.215315366,5.969531571,0.1298486,0.3381,0.511249357,NA,NA,NA,-0.174995198826141
Bordeaux,2012,180,22,23.249375,0.821143395,0.395454546,400,1,-0.178893673211943,0.289333916,,0.186499302,5.170617832,0.1298486,0.2175,0.431566008,NA,NA,NA,-0.178893673211943
Bordeaux,2012,180,23,22.5575,0.84257402,0.400227272,400,1,-0.183057913466688,0.289078702,,0.202700998,5.619803313,0.1298486,0.220125,0.369079977,NA,NA,NA,-0.183057913466688
Bordeaux,2012,181,0,22.025,0.86078855,0.351,400,1,-0.187499999857143,0.288801365,,0.212478614,5.89088377,0.1298486,0.19305,0.334501691,NA,NA,NA,-0.187499999857143
Bordeaux,2012,181,1,21.624375,0.87066534,0.336,400,1,-0.19222917054401,0.288290744,,0.406812979,11.27872557,0.1298486,0.1848,0.31335821,NA,NA,NA,-0.19222917054401
Bordeaux,2012,181,2,21.20375,0.875658221,0.336545454,400,1,-0.19724329526372,0.288120567,,0.136247399,3.777404121,0.1298486,0.1851,0.293278838,NA,NA,NA,-0.19724329526372
Bordeaux,2012,181,3,20.783125,0.8805755,0.364636363,400,1,-0.202537401646624,0.287993187,,0.094963117,2.632814085,0.1298486,0.20055,0.281946389,NA,NA,NA,-0.202537401646624
Bordeaux,2012,181,4,20.571875,0.883630626,18.80600846,400,1,-0.208106517323084,0.287865298,,0.103829083,2.878619398,0.1298486,10.34330466,0.342546086,NA,NA,NA,-0.208106517323084
Bordeaux,2012,181,5,21.26375,0.865883667,155.7881482,400,1,-0.21394566992346,0.287333365,,0.418599477,11.60550147,0.1298486,85.68348149,0.609170616,NA,NA,NA,-0.21394566992346
Bordeaux,2012,181,6,23.54,0.797343186,454.7913426,400,1,-0.220049887078104,0.285374974,,1.523631574,42.24207013,0.1298486,250.1352384,0.844108793,NA,NA,NA,-0.220049887078104
Bordeaux,2012,181,7,24.9475,0.73426981,884.6473363,400,1,-0.226414196417376,0.281524891,,2.991601702,82.94094912,0.1298486,486.556035,0.926849785,NA,NA,NA,-0.226414196417376
Bordeaux,2012,181,8,24.97875,0.708781557,1384.808668,400,1,-0.233033625571639,0.276756907,,3.755935275,104.1317888,0.1298486,761.6447672,1.145013894,NA,NA,NA,-0.233033625571639
Bordeaux,2012,181,9,26.1275,0.665481663,1972.816921,400,1,-0.239903202171242,0.270372137,,5.006635429,138.8069455,0.1298486,1085.049307,1.317155821,-0.163333333,-0.596666667,146.264104,-0.239903202171242
Bordeaux,2012,181,10,27.3975,0.640966511,2433.9074,400,1,-0.247017953846548,0.263286351,,5.57365585,154.5273577,0.1298486,1338.64907,1.385701453,-0.18,-0.56,240.7279501,-0.247017953846548
Bordeaux,2012,181,11,28.16625,0.640035227,2467.383632,400,1,-0.254372908227918,0.255796849,,5.899087966,163.5498317,0.1298486,1357.060998,1.452909232,-0.2025,-0.6575,160.9904151,-0.254372908227918
Bordeaux,2012,181,12,28.78625,0.635759275,1980.433307,400,1,-0.261963092945702,0.249198854,,5.20999302,144.4449526,0.1298486,1089.238319,1.477937495,-0.21,-0.79,246.5404723,-0.261963092945702
Bordeaux,2012,181,13,29.005625,0.636824472,1952.118415,400,1,-0.269783535630262,0.242050448,,5.632408345,156.1562469,0.1298486,1073.665128,1.441320023,NA,NA,NA,-0.269783535630262
Bordeaux,2012,181,14,28.793125,0.642974631,1814.122484,400,1,-0.277829263911961,0.236815661,,4.115981064,114.1139129,0.1298486,997.7673664,1.294318329,-0.163333333,-0.73,198.453132,-0.277829263911961
Bordeaux,2012,181,15,28.001875,0.661471424,1123.723767,400,1,-0.286095305421146,0.232665745,,3.272354076,90.72469534,0.1298486,618.0480721,1.200781315,-0.2,-0.745,171.3472718,-0.286095305421146
Bordeaux,2012,181,16,27.591875,0.675723076,1051.755705,400,1,-0.294576687788181,0.228728497,,3.117046577,86.41885763,0.1298486,578.4656378,1.138470676,-0.193333333,-0.713333333,235.4771538,-0.294576687788181
Bordeaux,2012,181,17,27.273125,0.687902474,957.4445987,400,1,-0.303268438643428,0.225832455,,2.293500192,63.58636667,0.1298486,526.5945293,1.121107012,NA,NA,NA,-0.303268438643428
Bordeaux,2012,181,18,26.62625,0.680247024,542.9282114,400,1,-0.312165585617236,0.223809389,,1.600022383,44.35997446,0.1298486,298.6105163,1.375085864,NA,NA,NA,-0.312165585617236
Bordeaux,2012,181,19,26.86125,0.613800013,204.064743,400,1,-0.321263156339966,0.223043107,,0.604248084,16.75253413,0.1298486,112.2356087,1.501239501,NA,NA,NA,-0.321263156339966
Bordeaux,2012,181,20,26.53125,0.568297444,37.05284752,400,1,-0.330556178441983,0.222617941,,0.334045281,9.26127053,0.1298486,20.37906613,1.366197464,NA,NA,NA,-0.330556178441983
Bordeaux,2012,181,21,25.22625,0.57489901,0.511636363,400,1,-0.340039679553633,0.222213061,,0.324108029,8.985764217,0.1298486,0.2814,1.25043612,NA,NA,NA,-0.340039679553633
Bordeaux,2012,181,22,24.21875,0.586980051,0.180136363,400,1,-0.349708687305279,0.221893733,,0.27762526,7.697048222,0.1298486,0.099075,1.095736003,NA,NA,NA,-0.349708687305279
Bordeaux,2012,181,23,23.308125,0.618014371,0.194181818,400,1,-0.359558229327287,0.221595751,,0.272331849,7.550290555,0.1298486,0.1068,0.917864643,NA,NA,NA,-0.359558229327287
Bordeaux,2012,182,0,22.5525,0.665076943,0.219272728,400,1,-0.36958333325,0.22136146,,0.204078529,5.65799481,0.1298486,0.1206,0.776531134,NA,NA,NA,-0.36958333325
Bordeaux,2012,182,1,21.984375,0.706450038,0.170590909,400,1,-0.379775656268089,0.220871835,,0.436649199,12.10592271,0.1298486,0.093825,0.660637317,NA,NA,NA,-0.379775656268089
Bordeaux,2012,182,2,21.429375,0.741848414,0.144954546,400,1,-0.390113373833447,0.220594848,,0.241310628,6.690239726,0.1298486,0.079725,0.551126819,NA,NA,NA,-0.390113373833447
Bordeaux,2012,182,3,20.8725,0.776983135,0.267136363,400,1,-0.40057129096225,0.220318219,,0.242922744,6.734934978,0.1298486,0.146925,0.491214068,NA,NA,NA,-0.40057129096225
Bordeaux,2012,182,4,20.4675,0.796000513,18.33707982,400,1,-0.411124212670699,0.220105296,,0.188014923,5.21263781,0.1298486,10.0853939,0.577547201,NA,NA,NA,-0.411124212670699
Bordeaux,2012,182,5,21.215,0.773687103,159.6439007,400,1,-0.421746943974991,0.219658503,,0.386029828,10.70252109,0.1298486,87.80414537,0.939017378,NA,NA,NA,-0.421746943974991
Bordeaux,2012,182,6,23.9625,0.693885233,463.4127859,400,1,-0.432414289891303,0.217891954,,1.522303024,42.20523662,0.1298486,254.8770323,1.072090405,NA,NA,NA,-0.432414289891303
Bordeaux,2012,182,7,25.410625,0.671740817,898.4265779,400,1,-0.443101055435835,0.213980932,,3.379181332,93.68643785,0.1298486,494.1346178,0.986715734,NA,NA,NA,-0.443101055435835
Bordeaux,2012,182,8,25.82125,0.704641822,1451.620103,400,1,-0.453782045624784,0.209635543,,3.831736971,106.2333602,0.1298486,798.3910565,1.194770208,NA,NA,NA,-0.453782045624784
Bordeaux,2012,182,9,27.75,0.682942514,2041.571018,400,1,-0.464432065474328,0.20337849,,5.469330406,151.6349769,0.1298486,1122.86406,1.490128393,-0.325,-0.835,89.51771963,-0.464432065474328
Bordeaux,2012,182,10,29.568125,0.642600949,2536.081757,400,1,-0.475025920000666,0.196421105,,6.08955413,168.8304292,0.1298486,1394.844966,1.3595038,-0.35,-0.7675,157.6303666,-0.475025920000666
Bordeaux,2012,182,11,31.020625,0.698669819,2688.267835,400,1,-0.485538414219996,0.189338062,,6.217882402,172.3882787,0.1298486,1478.547309,1.061953998,-0.41,-0.895,146.950398,-0.485538414219996
Bordeaux,2012,182,12,31.971875,0.782374788,2285.507088,400,1,-0.495944353148496,0.183020969,,5.553961601,153.9813426,0.1298486,1257.028898,1.292742616,-0.393333333,-0.94,230.3502231,-0.495944353148496
Bordeaux,2012,182,13,32.408125,0.740720743,2182.475666,400,1,-0.506218541802364,0.177532578,,4.845816805,134.3483141,0.1298486,1200.361617,1.787542688,NA,NA,NA,-0.506218541802364
Bordeaux,2012,182,14,32.61875,0.639872092,2340.651016,400,1,-0.516335785197798,0.172661996,,4.299746215,119.2087275,0.1298486,1287.358059,1.928534279,NA,NA,NA,-0.516335785197798
Bordeaux,2012,182,15,32.156875,0.599075478,1980.470994,400,1,-0.526270888350977,0.168705865,,3.501659877,97.08210606,0.1298486,1089.259047,1.729194749,NA,NA,NA,-0.526270888350977
Bordeaux,2012,182,16,31.29875,0.622585669,1439.520452,400,1,-0.535998656278098,0.165599769,,2.742795386,76.04289449,0.1298486,791.7362488,1.541214925,NA,NA,NA,-0.535998656278098
Bordeaux,2012,182,17,30.48,0.647874609,932.2130034,400,1,-0.54549389399536,0.163385945,,1.966820022,54.52929087,0.1298486,512.7171519,1.256066927,NA,NA,NA,-0.54549389399536
Bordeaux,2012,182,18,28.968125,0.689490563,475.8825842,400,1,-0.554731406518941,0.161916628,,1.301428205,36.08157145,0.1298486,261.7354213,1.082164372,NA,NA,NA,-0.554731406518941
Bordeaux,2012,182,19,27.854375,0.711680832,153.0193183,400,1,-0.563685998865039,0.161533025,,0.335947768,9.314016203,0.1298486,84.16062508,1.094683927,NA,NA,NA,-0.563685998865039
Bordeaux,2012,182,20,28.00875,0.710789213,25.62785742,400,1,-0.572332476049852,0.161341833,,0.170035088,4.714154154,0.1298486,14.09532158,0.963609905,NA,NA,NA,-0.572332476049852
Bordeaux,2012,182,21,27.59625,0.740159393,0.544363637,400,1,-0.580645643089559,0.161171722,,0.144745357,4.013006568,0.1298486,0.2994,0.759642195,NA,NA,NA,-0.580645643089559
Bordeaux,2012,182,22,26.361875,0.780217154,0.336272728,400,1,-0.588600305000357,0.160958883,,0.209415709,5.805965974,0.1298486,0.18495,0.543823178,NA,NA,NA,-0.588600305000357
Bordeaux,2012,182,23,24.778125,0.828179177,0.340909091,400,1,-0.596171266798444,0.160703224,,0.248586657,6.891964692,0.1298486,0.1875,0.401194781,NA,NA,NA,-0.596171266798444
Bordeaux,2012,183,0,23.67625,0.863197906,0.439227272,400,1,-0.6033333335,0.160491017,,0.203833568,5.651203364,0.1298486,0.241575,0.409953151,NA,NA,NA,-0.6033333335
Bordeaux,2012,183,1,23.515625,0.858620441,0.555818182,400,1,-0.610072093082993,0.159915466,,0.564900787,15.6616462,0.1298486,0.3057,0.418143672,NA,NA,NA,-0.610072093082993
Bordeaux,2012,183,2,23.27,0.85387896,0.539181818,400,1,-0.616416265372474,0.159745334,,0.173511481,4.810535756,0.1298486,0.29655,0.381460038,NA,NA,NA,-0.616416265372474
Bordeaux,2012,183,3,22.855625,0.863296508,0.420954546,400,1,-0.622405353155252,0.159638815,,0.104604114,2.900106821,0.1298486,0.231525,0.402110554,NA,NA,NA,-0.622405353155252
Bordeaux,2012,183,4,22.960625,0.8567627,15.94086726,400,1,-0.628078859218149,0.159596124,,0.045473856,1.260744299,0.1298486,8.767476993,0.48199667,NA,NA,NA,-0.628078859218149
Bordeaux,2012,183,5,23.419375,0.832976221,83.5411004,400,1,-0.633476286347985,0.15936187,,0.229268211,6.356368574,0.1298486,45.94760522,0.662818635,NA,NA,NA,-0.633476286347985
Bordeaux,2012,183,6,24.295625,0.785930411,314.6808792,400,1,-0.638637137331572,0.158425901,,0.907930934,25.17201851,0.1298486,173.0744836,0.870768794,NA,NA,NA,-0.638637137331572
Bordeaux,2012,183,7,25.549375,0.737314522,620.2241808,400,1,-0.64360091495573,0.157277548,,1.118468795,31.00909568,0.1298486,341.1232994,0.875169625,NA,NA,NA,-0.64360091495573
Bordeaux,2012,183,8,25.913125,0.739367386,1041.751699,400,1,-0.648407122007279,0.154937647,,2.303844783,63.87316628,0.1298486,572.9634346,0.937381377,NA,NA,NA,-0.648407122007279
Bordeaux,2012,183,9,26.566875,0.733793199,1745.529985,400,1,-0.653095261273032,0.152663139,,2.243927022,62.21197054,0.1298486,960.0414919,1.175836784,-0.516666667,-0.906666667,386.2002333,-0.653095261273032
Bordeaux,2012,183,10,28.224375,0.696614568,2280.013112,400,1,-0.657704835539808,0.149749606,,2.894217442,80.24100984,0.1298486,1254.007212,1.461260143,-0.75,-1.25,872.8236643,-0.657704835539808
Bordeaux,2012,183,11,30.008125,0.660276804,2428.758557,400,1,-0.662275347594429,0.147410942,,2.365312294,65.57732821,0.1298486,1335.817206,1.408533496,-0.606666667,-1.19,566.4538667,-0.662275347594429
Bordeaux,2012,183,12,30.08375,0.675158871,1734.491057,400,1,-0.666846300223706,0.145730422,,1.686183315,46.74875149,0.1298486,953.9700812,0.974196864,-0.54,-1.11,536.2410388,-0.666846300223706
Bordeaux,2012,183,13,28.218125,0.750384381,869.773301,400,1,-0.671457196214458,0.144261981,,1.460817379,40.50057192,0.1298486,478.3753156,0.710782314,NA,NA,NA,-0.671457196214458
Bordeaux,2012,183,14,27.211875,0.80444957,747.8423184,400,1,-0.676147538353508,0.143198112,,1.069425742,29.64939684,0.1298486,411.3132751,0.659782874,NA,NA,NA,-0.676147538353508
Bordeaux,2012,183,15,27.416875,0.820452232,497.8411128,400,1,-0.680956829427666,0.14283631,,0.364168371,10.09642102,0.1298486,273.812612,0.62664807,NA,NA,NA,-0.680956829427666
Bordeaux,2012,183,16,27.60125,0.830801795,378.0979715,400,1,-0.685924572223753,0.142155562,,0.68432985,18.97276875,0.1298486,207.9538843,0.635453822,NA,NA,NA,-0.685924572223753
Bordeaux,2012,183,17,27.51375,0.827182029,428.830063,400,1,-0.691090269528589,0.141666439,,0.483191074,13.39627742,0.1298486,235.8565346,0.734549505,NA,NA,NA,-0.691090269528589
Bordeaux,2012,183,18,27.139375,0.795458449,266.277665,400,1,-0.696493424128986,0.141134074,,0.526005074,14.58327828,0.1298486,146.4527158,0.695080119,NA,NA,NA,-0.696493424128986
Bordeaux,2012,183,19,25.933125,0.793637009,117.8948037,400,1,-0.702173538811765,0.140814676,,0.318030675,8.817272027,0.1298486,64.84214202,0.509869107,NA,NA,NA,-0.702173538811765
Bordeaux,2012,183,20,24.503125,0.835425079,13.79403158,400,1,-0.708170116363746,0.140559462,,0.250017175,6.931625205,0.1298486,7.586717371,0.403964168,NA,NA,NA,-0.708170116363746
Bordeaux,2012,183,21,23.785625,0.863011014,0.4935,400,1,-0.71452265957174,0.140431621,,0.126912249,3.518590858,0.1298486,0.271425,0.388761443,NA,NA,NA,-0.71452265957174
Bordeaux,2012,183,22,23.46125,0.865464409,0.336818182,400,1,-0.721270671222568,0.140282411,,0.167950421,4.656357608,0.1298486,0.18525,0.382606238,NA,NA,NA,-0.721270671222568
Bordeaux,2012,183,23,23.120625,0.864815212,0.335454546,400,1,-0.728453654103052,0.140197374,,0.091520589,2.537371384,0.1298486,0.1845,0.367777277,NA,NA,NA,-0.728453654103052
Bordeaux,2012,184,0,22.735625,0.86708321,0.393272728,400,1,-0.736111111,0.140069533,,0.149476445,4.144174084,0.1298486,0.2163,0.34430049,NA,NA,NA,-0.736111111
Bordeaux,2012,184,1,22.1675,0.871150745,0.524590909,400,1,-0.744272391619076,0.139749793,,0.149476445,4.144174084,0.1298486,0.288525,0.34886985,NA,NA,NA,-0.744272391619076
Bordeaux,2012,184,2,22.06375,0.868626728,0.597818182,400,1,-0.752926233341307,0.139409864,,0.149476445,4.144174084,0.1298486,0.3288,0.350836655,NA,NA,NA,-0.752926233341307
Bordeaux,2012,184,3,22.331875,0.869993944,0.596454546,400,1,-0.762051220466545,0.139409864,,0.149476445,4.144174084,0.1298486,0.32805,0.311150522,NA,NA,NA,-0.762051220466545
Bordeaux,2012,184,4,21.94875,0.882256374,13.57662241,400,1,-0.771625937294658,0.139260971,,0.162742546,4.511971362,0.1298486,7.467142327,0.327855531,NA,NA,NA,-0.771625937294658
Bordeaux,2012,184,5,21.735,0.874509878,109.1352531,400,1,-0.781628968125517,0.139090855,,0.182378472,5.056369501,0.1298486,60.02438923,0.609799849,NA,NA,NA,-0.781628968125517
Bordeaux,2012,184,6,23.905,0.80373875,390.4986726,400,1,-0.792038897258971,0.138516721,,0.614081342,17.02515723,0.1298486,214.7742699,0.878069046,NA,NA,NA,-0.792038897258971
Bordeaux,2012,184,7,25.80625,0.737375103,850.0222582,400,1,-0.80283430899489,0.13743526,,1.160973154,32.18751188,0.1298486,467.512242,0.854607055,NA,NA,NA,-0.80283430899489
Bordeaux,2012,184,8,25.42,0.738121416,1312.010704,400,1,-0.813993787633145,0.13622106,,1.381451468,38.30018411,0.1298486,721.605887,0.831360741,NA,NA,NA,-0.813993787633145
Bordeaux,2012,184,9,25.196875,0.742043375,1176.370086,400,1,-0.825495917473583,0.134151293,,2.437127975,67.56838895,0.1298486,647.0035471,0.835524001,-0.633333333,-1.215,712.3097982,-0.825495917473583
Bordeaux,2012,184,10,25.24,0.741808798,1030.941465,400,1,-0.837319282816075,0.133046311,,1.198184702,33.21918701,0.1298486,567.0178058,0.833796291,-0.825,-1.64,1207.735856,-0.837319282816075
Bordeaux,2012,184,11,25.29625,0.743086696,988.3697837,400,1,-0.849442467960492,0.132216725,,0.93164049,25.82935638,0.1298486,543.603381,0.896535365,-0.75,-1.17,1097.321518,-0.849442467960492
Bordeaux,2012,184,12,25.75875,0.730494015,640.425189,400,1,-0.861844057206682,0.131492656,,0.813121713,22.54347113,0.1298486,352.233854,1.022525232,NA,NA,NA,-0.861844057206682
Bordeaux,2012,184,13,26.636875,0.708277107,474.778449,400,1,-0.874502634854514,0.131003885,,0.540359655,14.98125324,0.1298486,261.128147,1.012997935,NA,NA,NA,-0.874502634854514
Bordeaux,2012,184,14,26.740625,0.712641268,561.2603675,400,1,-0.887396785203862,0.130280757,,0.800513144,22.19390367,0.1298486,308.6932021,0.83120243,NA,NA,NA,-0.887396785203862
Bordeaux,2012,184,15,25.95875,0.753426798,920.0942714,400,1,-0.90050509255457,0.129557939,,0.816754646,22.64419273,0.1298486,506.0518493,0.757365715,NA,NA,NA,-0.90050509255457
Bordeaux,2012,184,16,25.655,0.771030647,947.128387,400,1,-0.913806141206511,0.128877133,,0.76260771,21.14299081,0.1298486,520.9206128,0.839326875,NA,NA,NA,-0.913806141206511
Bordeaux,2012,184,17,26.015625,0.751460439,649.2640706,400,1,-0.925,0.128344277,,0.602363131,16.70027456,0.1298486,357.0952389,1.004981091,NA,NA,NA,-0.925
Bordeaux,2012,184,18,26.80875,0.715882358,377.5332554,400,1,-0.936193858793489,0.128046546,,0.330407776,9.160422175,0.1298486,207.6432905,1.079871141,NA,NA,NA,-0.936193858793489
Bordeaux,2012,184,19,26.951875,0.696963632,163.2447628,400,1,-0.947387717586979,0.127706136,,0.368717281,10.22253772,0.1298486,89.78461952,0.889590498,NA,NA,NA,-0.947387717586979
Bordeaux,2012,184,20,25.355625,0.729406942,58.64063518,400,1,-0.958581576380468,0.127365819,,0.379496742,10.52139393,0.1298486,32.25234935,0.632771747,NA,NA,NA,-0.958581576380468
Bordeaux,2012,184,21,23.331875,0.78094917,0.618136363,400,1,-0.969775435173957,0.127067822,,0.321702656,8.919076219,0.1298486,0.339975,0.508507469,NA,NA,NA,-0.969775435173957
Bordeaux,2012,184,22,22.205625,0.810501167,0.368045454,400,1,-0.980969293967446,0.12683359,,0.311915515,8.647731696,0.1298486,0.202425,0.42745941,NA,NA,NA,-0.980969293967446
Bordeaux,2012,184,23,21.54125,0.834123286,0.36,400,1,-0.992163152760936,0.126705385,,0.165930569,4.600358033,0.1298486,0.198,0.354298542,NA,NA,NA,-0.992163152760936
Bordeaux,2012,185,0,20.904375,0.857031151,0.338590909,400,1,-1.00335701155443,0.126342688,,0.481166228,13.34013936,0.1298486,0.186225,0.301858096,NA,NA,NA,-1.00335701155443
Bordeaux,2012,185,1,20.228125,0.872930657,0.343909091,400,1,-1.01455087034791,0.125896354,,0.543645881,15.07236252,0.1298486,0.18915,0.280773506,NA,NA,NA,-1.01455087034791
Bordeaux,2012,185,2,19.79125,0.878390015,0.415909091,400,1,-1.0257447291414,0.125853663,,0.052013474,1.442052569,0.1298486,0.22875,0.269689714,NA,NA,NA,-1.0257447291414
Bordeaux,2012,185,3,19.449375,0.880716265,0.538636363,400,1,-1.03693858793489,0.125726177,,0.166766797,4.623542104,0.1298486,0.29625,0.262529297,NA,NA,NA,-1.03693858793489
Bordeaux,2012,185,4,19.200625,0.882016914,18.072588,400,1,-1.04813244672838,0.125597972,,0.161072628,4.46567356,0.1298486,9.9399234,0.34315367,NA,NA,NA,-1.04813244672838
Bordeaux,2012,185,5,19.96625,0.855261131,165.8371014,400,1,-1.05932630552187,0.125491454,,0.143185732,3.96976661,0.1298486,91.21040577,0.656534663,NA,NA,NA,-1.05932630552187
Bordeaux,2012,185,6,22.72625,0.77317982,472.022643,400,1,-1.07052016431536,0.12523662,,0.30620253,8.489341493,0.1298486,259.6124537,0.983336882,NA,NA,NA,-1.07052016431536
Bordeaux,2012,185,7,25.055625,0.692907038,906.2341338,400,1,-1.08171402310885,0.124833933,,0.483144621,13.39498952,0.1298486,498.4287736,0.96443431,NA,NA,NA,-1.08171402310885
Bordeaux,2012,185,8,24.71125,0.6928926,1465.89031,400,1,-1.09290788190234,0.123917398,,1.180857106,32.73878642,0.1298486,806.2396703,0.934880298,NA,NA,NA,-1.09290788190234
Bordeaux,2012,185,9,24.538125,0.700320483,2050.566254,400,1,-1.10410174069583,0.122788083,,1.419932546,39.36705645,0.1298486,1127.81144,1.139919418,-0.933333333,-1.27,1030.720813,-1.10410174069583
Bordeaux,2012,185,10,25.784375,0.661279772,2537.915933,400,1,-1.11529559948932,0.121915248,,1.084716632,30.07333059,0.1298486,1395.853763,1.346553537,-1.09,-1.36,1384.973693,-1.11529559948932
Bordeaux,2012,185,11,27.128125,0.629096423,2710.890397,400,1,-1.12648945828281,0.121235111,,0.881944559,24.45155676,0.1298486,1490.989718,1.357681678,-1.015,-1.48,1292.443892,-1.12648945828281
Bordeaux,2012,185,12,27.52875,0.635265601,2156.570683,400,1,-1.1376833170763,0.157699181,,0.881944559,24.45155676,0.1298486,1186.113876,1.316923786,-1.06,-1.58,839.5659093,-1.1376833170763
