station,year,day,hour,temp,rh,totalRadiation,CO2,wind,soilWater_Potential,soilWater_content,rainfall
Bordeaux,2012,195,0,20.1315,0.8475,0,400,1.1,-0.05,,
Bordeaux,2012,195,1,19.599,0.848,0,400,1.1,-0.05,,
Bordeaux,2012,195,2,19.231,0.8465,0,400,1.1,-0.05,,
Bordeaux,2012,195,3,18.639,0.831,0,400,1.1,-0.05,,
Bordeaux,2012,195,4,18.1755,0.829,0,400,1.1,-0.05,,
Bordeaux,2012,195,5,17.922,0.8335,0,400,1.1,-0.05,,
Bordeaux,2012,195,6,17.809,0.845,8.630769231,400,1.1,-0.05,,
Bordeaux,2012,195,7,18.3315,0.8645,48.18846154,400,1.1,-0.05,,
Bordeaux,2012,195,8,21.0215,0.83885,222.4580769,400,1.1,-0.05,,
Bordeaux,2012,195,9,25.8055,0.662,798.3461539,400,1.1,-0.05,,
Bordeaux,2012,195,10,25.8205,0.54845,850.5678,400,1.1,-0.05,,
Bordeaux,2012,195,11,27.9575,0.443,996.1346154,400,1.1,-0.05,,
Bordeaux,2012,195,12,27.928,0.4528,865.9538461,400,1.1,-0.05,,
Bordeaux,2012,195,13,28.7435,0.4754,749.0788461,400,1.1,-0.05,,
Bordeaux,2012,195,14,29.927,0.472,773.5326924,400,1.1,-0.05,,
Bordeaux,2012,195,15,29.6915,0.46495,607.8895308,400,1.1,-0.05,,
Bordeaux,2012,195,16,26.725,0.5629,217.3875,400,1.1,-0.05,,
Bordeaux,2012,195,17,26.5665,0.5857,262.3034615,400,1.1,-0.05,,
Bordeaux,2012,195,18,25.102,0.61175,169.0911539,400,1.1,-0.05,,
Bordeaux,2012,195,19,23.4285,0.72135,68.00326924,400,1.1,-0.05,,
Bordeaux,2012,195,20,22.3,0.7882,18.44826924,400,1.1,-0.05,,
Bordeaux,2012,195,21,21.7765,0.834,16.50634615,400,1.1,-0.05,,
Bordeaux,2012,195,22,21.282,0.8525,0.215769231,400,1.1,-0.05,,
Bordeaux,2012,195,23,20.7695,0.856,0.035961539,400,1.1,-0.05,,
Bordeaux,2012,196,0,20.1315,0.8475,0,400,1.1,-0.05,,
Bordeaux,2012,196,1,19.599,0.848,0,400,1.1,-0.05,,
Bordeaux,2012,196,2,19.231,0.8465,0,400,1.1,-0.05,,
Bordeaux,2012,196,3,18.639,0.831,0,400,1.1,-0.05,,
Bordeaux,2012,196,4,18.1755,0.829,0,400,1.1,-0.05,,
Bordeaux,2012,196,5,17.922,0.8335,0,400,1.1,-0.05,,
Bordeaux,2012,196,6,17.809,0.845,8.630769231,400,1.1,-0.05,,
Bordeaux,2012,196,7,18.3315,0.8645,48.18846154,400,1.1,-0.05,,
Bordeaux,2012,196,8,21.0215,0.83885,222.4580769,400,1.1,-0.05,,
Bordeaux,2012,196,9,25.8055,0.662,798.3461539,400,1.1,-0.05,,
Bordeaux,2012,196,10,25.8205,0.54845,557.7634615,400,1.1,-0.05,,
Bordeaux,2012,196,11,27.9575,0.443,996.1346154,400,1.1,-0.05,,
Bordeaux,2012,196,12,27.928,0.4528,865.9538461,400,1.1,-0.05,,
Bordeaux,2012,196,13,28.863,0.4614,1287.063461,400,1.1,-0.05,,
Bordeaux,2012,196,14,27.787,0.4577,795.3282615,400,1.1,-0.05,,
Bordeaux,2012,196,15,29.7125,0.4259,1402.115211,400,1.1,-0.05,,
Bordeaux,2012,196,16,27.9145,0.4477,861.4831077,400,1.1,-0.05,,
Bordeaux,2012,196,17,27.0925,0.5067,352.4230769,400,1.1,-0.05,,
Bordeaux,2012,196,18,26.9135,0.46545,283.6646154,400,1.1,-0.05,,
Bordeaux,2012,196,19,25.9935,0.4803,162.4382692,400,1.1,-0.05,,
Bordeaux,2012,196,20,24.5865,0.5025,79.72673077,400,1.1,-0.05,,
Bordeaux,2012,196,21,22.9495,0.6168,18.44826924,400,1.1,-0.05,,
Bordeaux,2012,196,22,21.521,0.7298,0.215769231,400,1.1,-0.05,,
Bordeaux,2012,196,23,20.609,0.7833,0,400,1.1,-0.05,,
Bordeaux,2012,197,0,19.8935,0.80145,0,400,1.1,-0.05,,
Bordeaux,2012,197,1,19.526,0.814,0.107884615,400,1.1,-0.05,,
Bordeaux,2012,197,2,19.0415,0.8115,0,400,1.1,-0.05,,
Bordeaux,2012,197,3,18.7445,0.8285,0,400,1.1,-0.05,,
Bordeaux,2012,197,4,18.954,0.849,0.220516154,400,1.1,-0.05,,
Bordeaux,2012,197,5,18.8585,0.8485,0,400,1.1,-0.05,,
Bordeaux,2012,197,6,18.442,0.835,9.278076924,400,1.1,-0.05,,
Bordeaux,2012,197,7,19.094,0.854,82.06423077,400,1.1,-0.05,,
Bordeaux,2012,197,8,22.3355,0.79665,240.4388461,400,1.1,-0.05,,
Bordeaux,2012,197,9,23.96,0.686,321.8557692,400,1.1,-0.05,,
Bordeaux,2012,197,10,26.1535,0.56625,536.5461539,400,1.1,-0.05,,
Bordeaux,2012,197,11,27.256,0.4607,814.8884615,400,1.1,-0.05,,
Bordeaux,2012,197,12,29.3515,0.41425,1663.940385,400,1.1,-0.05,,
Bordeaux,2012,197,13,29.6775,0.3587,1870,400,1.1,-0.05,,
Bordeaux,2012,197,14,30.6915,0.35445,1814.619231,400,1.1,-0.05,,
Bordeaux,2012,197,15,30.2635,0.36545,1935.764304,400,1.1,-0.05,,
Bordeaux,2012,197,16,28.4785,0.3636,804.1489077,400,1.1,-0.05,,
Bordeaux,2012,197,17,27.0575,0.4369,432.9769231,400,1.1,-0.05,,
Bordeaux,2012,197,18,26.6855,0.4435,316.1019231,400,1.1,-0.05,,
Bordeaux,2012,197,19,25.394,0.4595,163.7328846,400,1.1,-0.05,,
Bordeaux,2012,197,20,23.9995,0.4975,72.93,400,1.1,-0.05,,
Bordeaux,2012,197,21,22.6695,0.61315,17.08173077,400,1.1,-0.05,,
Bordeaux,2012,197,22,21.2145,0.7191,0.215769231,400,1.1,-0.05,,
Bordeaux,2012,197,23,20.2335,0.76065,0,400,1.1,-0.05,,
Bordeaux,2012,198,0,19.437,0.7755,0.215769231,400,1.1,-0.05,,
Bordeaux,2012,198,1,18.7975,0.77905,0,400,1.1,-0.05,,
Bordeaux,2012,198,2,18.2425,0.78295,0.647307692,400,1.1,-0.05,,
Bordeaux,2012,198,3,17.7505,0.7839,0.251730769,400,1.1,-0.05,,
Bordeaux,2012,198,4,17.2935,0.784,0.035961539,400,1.1,-0.05,,
Bordeaux,2012,198,5,16.915,0.78795,0.036752692,400,1.1,-0.05,,
Bordeaux,2012,198,6,16.615,0.79065,8.415,400,1.1,-0.05,,
Bordeaux,2012,198,7,17.912,0.7941,85.69634615,400,1.1,-0.05,,
Bordeaux,2012,198,8,21.452,0.64225,308.1903846,400,1.1,-0.05,,
Bordeaux,2012,198,9,27.253,0.5219,939.3153846,400,1.1,-0.05,,
Bordeaux,2012,198,10,29.427,0.44685,1031.736538,400,1.1,-0.05,,
Bordeaux,2012,198,11,28.526,0.4589,874.5846154,400,1.1,-0.05,,
Bordeaux,2012,198,12,30.1305,0.42065,2478.109615,400,1.1,-0.05,,
Bordeaux,2012,198,13,31.1025,0.38925,2468.4,400,1.1,-0.05,,
Bordeaux,2012,198,14,31.639,0.37385,2200.126924,400,1.1,-0.05,,
Bordeaux,2012,198,15,32.035,0.3605,2481.541785,400,1.1,-0.05,,
Bordeaux,2012,198,16,31.215,0.3608,1618.956096,400,1.1,-0.05,,
Bordeaux,2012,198,17,30.398,0.3778,590.1288461,400,1.1,-0.05,,
Bordeaux,2012,198,18,28.9625,0.42445,249.7528846,400,1.1,-0.05,,
Bordeaux,2012,198,19,27.0875,0.46325,152.5488461,400,1.1,-0.05,,
Bordeaux,2012,198,20,25.8075,0.4739,71.27576924,400,1.1,-0.05,,
Bordeaux,2012,198,21,24.2355,0.5278,17.90884615,400,1.1,-0.05,,
Bordeaux,2012,198,22,22.848,0.6352,0.4675,400,1.1,-0.05,,
Bordeaux,2012,198,23,21.9885,0.73465,0.036752692,400,1.1,-0.05,,
Bordeaux,2012,199,0,21.2405,0.7817,0.147010769,400,1.1,-0.05,,
Bordeaux,2012,199,1,20.6125,0.7947,0.514537692,400,1.1,-0.05,,
Bordeaux,2012,199,2,19.9685,0.79895,0.367526924,400,1.1,-0.05,,
Bordeaux,2012,199,3,19.391,0.80145,0.404279615,400,1.1,-0.05,,
Bordeaux,2012,199,4,18.984,0.8055,0.404279615,400,1.1,-0.05,,
Bordeaux,2012,199,5,18.5945,0.805,0.147010769,400,1.1,-0.05,,
Bordeaux,2012,199,6,18.245,0.80165,9.134230769,400,1.1,-0.05,,
Bordeaux,2012,199,7,19.6185,0.80805,82.60365385,400,1.1,-0.05,,
Bordeaux,2012,199,8,23.54,0.6394,315.0230769,400,1.1,-0.05,,
Bordeaux,2012,199,9,27.896,0.4957,947.5865385,400,1.1,-0.05,,
Bordeaux,2012,199,10,30.142,0.44915,1034.613462,400,1.1,-0.05,,
Bordeaux,2012,199,11,29.6905,0.4127,1254.338461,400,1.1,-0.05,,
Bordeaux,2012,199,12,32.0905,0.34985,2615.123077,400,1.1,-0.05,,
Bordeaux,2012,199,13,33.269,0.3115,2507.238461,400,1.1,-0.05,,
Bordeaux,2012,199,14,32.647,0.304,2184.663461,400,1.1,-0.05,,
Bordeaux,2012,199,15,32.868,0.329,2558.722439,400,1.1,-0.05,,
Bordeaux,2012,199,16,32.458,0.3149,1810.80515,400,1.1,-0.05,,
Bordeaux,2012,199,17,31.5865,0.31495,595.8826924,400,1.1,-0.05,,
Bordeaux,2012,199,18,30.118,0.32815,245.2217308,400,1.1,-0.05,,
Bordeaux,2012,199,19,27.976,0.3787,149.4201924,400,1.1,-0.05,,
Bordeaux,2012,199,20,26.084,0.4536,67.64365385,400,1.1,-0.05,,
Bordeaux,2012,199,21,24.967,0.493,16.47038461,400,1.1,-0.05,,
Bordeaux,2012,199,22,24.1315,0.57255,0.251730769,400,1.1,-0.05,,
Bordeaux,2012,199,23,23.1545,0.6811,0.107884615,400,1.1,-0.05,,
Bordeaux,2012,200,0,22.3135,0.7619,0,400,1.1,-0.05,,
Bordeaux,2012,200,1,21.6245,0.7909,0.035961539,400,1.1,-0.05,,
Bordeaux,2012,200,2,20.964,0.79735,0.107884615,400,1.1,-0.05,,
Bordeaux,2012,200,3,20.401,0.79965,0.143846154,400,1.1,-0.05,,
Bordeaux,2012,200,4,19.944,0.806,0,400,1.1,-0.05,,
Bordeaux,2012,200,5,19.5435,0.8105,0.251730769,400,1.1,-0.05,,
Bordeaux,2012,200,6,19.177,0.8165,8.450961539,400,1.1,-0.05,,
Bordeaux,2012,200,7,20.608,0.7968,80.41,400,1.1,-0.05,,
Bordeaux,2012,200,8,24.282,0.62855,294.8846154,400,1.1,-0.05,,
Bordeaux,2012,200,9,30.0515,0.49115,884.6538461,400,1.1,-0.05,,
Bordeaux,2012,200,10,31.8285,0.48115,1005.844231,400,1.1,-0.05,,
Bordeaux,2012,200,11,32.5245,0.43945,1226.288461,400,1.1,-0.05,,
Bordeaux,2012,200,12,34.1355,0.3748,2455.453846,400,1.1,-0.05,,
Bordeaux,2012,200,13,35.4125,0.33705,2316.282692,400,1.1,-0.05,,
Bordeaux,2012,200,14,36.094,0.33015,2096.557692,400,1.1,-0.05,,
Bordeaux,2012,200,15,35.8725,0.32075,2355.48005,400,1.1,-0.05,,
Bordeaux,2012,200,16,35.471,0.3456,1659.384058,400,1.1,-0.05,,
Bordeaux,2012,200,17,34.442,0.3299,572.8673077,400,1.1,-0.05,,
Bordeaux,2012,200,18,32.63,0.35405,255.2909615,400,1.1,-0.05,,
Bordeaux,2012,200,19,30.178,0.40525,152.5128846,400,1.1,-0.05,,
Bordeaux,2012,200,20,27.395,0.419,66.31307692,400,1.1,-0.05,,
Bordeaux,2012,200,21,25.2845,0.4588,12.155,400,1.1,-0.05,,
Bordeaux,2012,200,22,23.811,0.5202,0,400,1.1,-0.05,,
Bordeaux,2012,200,23,23.0545,0.6485,0.107884615,400,1.1,-0.05,,
Bordeaux,2012,201,0,22.443,0.7441,0.107884615,400,1.1,-0.05,,
Bordeaux,2012,201,1,21.814,0.7828,0,400,1.1,-0.05,,
Bordeaux,2012,201,2,21.4825,0.8123,0,400,1.1,-0.05,,
Bordeaux,2012,201,3,21.592,0.837,0,400,1.1,-0.05,,
Bordeaux,2012,201,4,21.49,0.843,0,400,1.1,-0.05,,
Bordeaux,2012,201,5,21.52,0.856,0,400,1.1,-0.05,,
Bordeaux,2012,201,6,21.5305,0.8615,3.092692308,400,1.1,-0.05,,
Bordeaux,2012,201,7,21.543,0.862,21.72076924,400,1.1,-0.05,,
Bordeaux,2012,201,8,22.1365,0.864,72.49846154,400,1.1,-0.05,,
Bordeaux,2012,201,9,23.605,0.82635,198.7953846,400,1.1,-0.05,,
Bordeaux,2012,201,10,24.875,0.67315,305.3134615,400,1.1,-0.05,,
Bordeaux,2012,201,11,25.865,0.5564,374.7192308,400,1.1,-0.05,,
Bordeaux,2012,201,12,26.4035,0.5443,474.3326924,400,1.1,-0.05,,
Bordeaux,2012,201,13,27.94,0.52935,754.4730769,400,1.1,-0.05,,
Bordeaux,2012,201,14,28.103,0.50275,518.2057692,400,1.1,-0.05,,
Bordeaux,2012,201,15,27.6705,0.5582,488.7173077,400,1.1,-0.05,,
Bordeaux,2012,201,16,27.4945,0.5878,328.3288461,400,1.1,-0.05,,
Bordeaux,2012,201,17,27.5145,0.5925,312.1461539,400,1.1,-0.05,,
Bordeaux,2012,201,18,26.606,0.53555,243.7832692,400,1.1,-0.05,,
Bordeaux,2012,201,19,26.046,0.52795,145.7521154,400,1.1,-0.05,,
Bordeaux,2012,201,20,24.702,0.59215,58.86903846,400,1.1,-0.05,,
Bordeaux,2012,201,21,23.3,0.66845,11.93923077,400,1.1,-0.05,,
Bordeaux,2012,201,22,22.246,0.7497,0.143846154,400,1.1,-0.05,,
Bordeaux,2012,201,23,21.375,0.79325,0.035961539,400,1.1,-0.05,,
Bordeaux,2012,202,0,20.8895,0.8115,0.107884615,400,1.1,-0.05,,
Bordeaux,2012,202,1,20.486,0.80885,0,400,1.1,-0.05,,
Bordeaux,2012,202,2,19.8625,0.8023,0,400,1.1,-0.05,,
Bordeaux,2012,202,3,19.466,0.813,0.035961539,400,1.1,-0.05,,
Bordeaux,2012,202,4,19.1985,0.817,0.035961539,400,1.1,-0.05,,
Bordeaux,2012,202,5,18.96,0.818,0.035961539,400,1.1,-0.05,,
Bordeaux,2012,202,6,18.838,0.827,5.286346154,400,1.1,-0.05,,
Bordeaux,2012,202,7,19.552,0.839,73.00192308,400,1.1,-0.05,,
Bordeaux,2012,202,8,21.8555,0.7764,219.3653846,400,1.1,-0.05,,
Bordeaux,2012,202,9,23.382,0.63885,204.1176924,400,1.1,-0.05,,
Bordeaux,2012,202,10,23.614,0.5982,246.9838461,400,1.1,-0.05,,
Bordeaux,2012,202,11,25.6685,0.50025,607.0307692,400,1.1,-0.05,,
Bordeaux,2012,202,12,27.763,0.4757,677.1557692,400,1.1,-0.05,,
Bordeaux,2012,202,13,28.2745,0.4805,808.4153846,400,1.1,-0.05,,
Bordeaux,2012,202,14,27.9985,0.4489,498.0673077,400,1.1,-0.05,,
Bordeaux,2012,202,15,29.316,0.42235,1609.032869,400,1.1,-0.05,,
Bordeaux,2012,202,16,28.13,0.44655,496.1613461,400,1.1,-0.05,,
Bordeaux,2012,202,17,27.6085,0.4769,444.8442308,400,1.1,-0.05,,
Bordeaux,2012,202,18,26.9235,0.47525,261.9438461,400,1.1,-0.05,,
Bordeaux,2012,202,19,25.827,0.46445,141.1130769,400,1.1,-0.05,,
Bordeaux,2012,202,20,24.626,0.5106,55.81230769,400,1.1,-0.05,,
Bordeaux,2012,202,21,23.331,0.58335,9.278076924,400,1.1,-0.05,,
Bordeaux,2012,202,22,22.3435,0.69135,0.404279615,400,1.1,-0.05,,
Bordeaux,2012,202,23,21.6245,0.77505,0,400,1.1,-0.05,,
Bordeaux,2012,203,0,20.7525,0.7977,0.367526924,400,1.1,-0.05,,
Bordeaux,2012,203,1,20.0625,0.8036,0.147010769,400,1.1,-0.05,,
Bordeaux,2012,203,2,19.5305,0.8095,0.661548461,400,1.1,-0.05,,
Bordeaux,2012,203,3,19.072,0.811,0.404279615,400,1.1,-0.05,,
Bordeaux,2012,203,4,18.6305,0.8075,0.294021539,400,1.1,-0.05,,
Bordeaux,2012,203,5,18.2095,0.805,0.110258077,400,1.1,-0.05,,
Bordeaux,2012,203,6,17.9415,0.8085,6.041538461,400,1.1,-0.05,,
Bordeaux,2012,203,7,18.9145,0.822,68.61461539,400,1.1,-0.05,,
Bordeaux,2012,203,8,22.8965,0.71305,213.2519231,400,1.1,-0.05,,
Bordeaux,2012,203,9,27.7585,0.56645,740.4480769,400,1.1,-0.05,,
Bordeaux,2012,203,10,30.6005,0.4559,874.225,400,1.1,-0.05,,
Bordeaux,2012,203,11,30.481,0.43675,1060.505769,400,1.1,-0.05,,
Bordeaux,2012,203,12,29.7475,0.41865,822.0807692,400,1.1,-0.05,,
Bordeaux,2012,203,13,30.703,0.4178,1449.609615,400,1.1,-0.05,,
Bordeaux,2012,203,14,32.8465,0.34315,1528.725,400,1.1,-0.05,,
Bordeaux,2012,203,15,32.293,0.34585,1949.3628,400,1.1,-0.05,,
Bordeaux,2012,203,16,28.7705,0.42475,448.7503731,400,1.1,-0.05,,
Bordeaux,2012,203,17,29.309,0.43525,505.2596154,400,1.1,-0.05,,
Bordeaux,2012,203,18,28.847,0.4056,267.1223077,400,1.1,-0.05,,
Bordeaux,2012,203,19,27.2995,0.44685,167.9763461,400,1.1,-0.05,,
Bordeaux,2012,203,20,25.678,0.47255,79.65480769,400,1.1,-0.05,,
Bordeaux,2012,203,21,24.009,0.51415,10.78846154,400,1.1,-0.05,,
Bordeaux,2012,203,22,22.86,0.61765,0.036752692,400,1.1,-0.05,,
Bordeaux,2012,203,23,22.26,0.711,0,400,1.1,-0.05,,
Bordeaux,2012,204,0,21.576,0.7702,0,400,1.1,-0.05,,
Bordeaux,2012,204,1,20.9825,0.7915,0,400,1.1,-0.05,,
Bordeaux,2012,204,2,20.424,0.7997,0.287692308,400,1.1,-0.05,,
Bordeaux,2012,204,3,19.9985,0.8045,0.4675,400,1.1,-0.05,,
Bordeaux,2012,204,4,19.578,0.8055,0.899038461,400,1.1,-0.05,,
Bordeaux,2012,204,5,19.187,0.8055,0.4675,400,1.1,-0.05,,
Bordeaux,2012,204,6,18.8225,0.8035,5.322307692,400,1.1,-0.05,,
Bordeaux,2012,204,7,19.523,0.8055,72.28269231,400,1.1,-0.05,,
Bordeaux,2012,204,8,23.051,0.72015,218.9698077,400,1.1,-0.05,,
Bordeaux,2012,204,9,27.8765,0.52335,660.9730769,400,1.1,-0.05,,
Bordeaux,2012,204,10,30.6755,0.46605,776.4096154,400,1.1,-0.05,,
Bordeaux,2012,204,11,30.485,0.3999,1065.540385,400,1.1,-0.05,,
Bordeaux,2012,204,12,31.317,0.36865,1969.613461,400,1.1,-0.05,,
Bordeaux,2012,204,13,31.8065,0.3354,1895.892308,400,1.1,-0.05,,
Bordeaux,2012,204,14,32.924,0.3266,1789.086539,400,1.1,-0.05,,
Bordeaux,2012,204,15,33.3325,0.31345,1964.063877,400,1.1,-0.05,,
Bordeaux,2012,204,16,31.452,0.3254,1233.052827,400,1.1,-0.05,,
Bordeaux,2012,204,17,30.911,0.3172,525.7576924,400,1.1,-0.05,,
Bordeaux,2012,204,18,29.4475,0.35365,256.4417308,400,1.1,-0.05,,
Bordeaux,2012,204,19,27.611,0.4015,150.6788461,400,1.1,-0.05,,
Bordeaux,2012,204,20,25.4845,0.4462,63.54403846,400,1.1,-0.05,,
Bordeaux,2012,204,21,24.1065,0.50855,13.62942308,400,1.1,-0.05,,
Bordeaux,2012,204,22,23.5875,0.50835,0.107884615,400,1.1,-0.05,,
Bordeaux,2012,204,23,22.642,0.5885,0,400,1.1,-0.05,,
Bordeaux,2012,205,0,22.0785,0.6804,1.078846154,400,1.1,-0.05,,
Bordeaux,2012,205,1,21.748,0.7396,0.719230769,400,1.1,-0.05,,
Bordeaux,2012,205,2,21.468,0.7623,0.719230769,400,1.1,-0.05,,
Bordeaux,2012,205,3,21.09,0.7769,1.258653846,400,1.1,-0.05,,
Bordeaux,2012,205,4,20.498,0.78055,1.006923077,400,1.1,-0.05,,
Bordeaux,2012,205,5,20.0275,0.78815,0.215769231,400,1.1,-0.05,,
Bordeaux,2012,205,6,19.678,0.7941,6.545,400,1.1,-0.05,,
Bordeaux,2012,205,7,20.8055,0.768,66.16923077,400,1.1,-0.05,,
Bordeaux,2012,205,8,24.192,0.5866,248.9976924,400,1.1,-0.05,,
Bordeaux,2012,205,9,27.999,0.48,696.9346154,400,1.1,-0.05,,
Bordeaux,2012,205,10,30.0595,0.4341,779.2865385,400,1.1,-0.05,,
Bordeaux,2012,205,11,30.491,0.3388,1084.6,400,1.1,-0.05,,
Bordeaux,2012,205,12,31.2565,0.32895,2392.521154,400,1.1,-0.05,,
Bordeaux,2012,205,13,32.32,0.28855,2323.475,400,1.1,-0.05,,
Bordeaux,2012,205,14,32.696,0.25285,1969.973077,400,1.1,-0.05,,
Bordeaux,2012,205,15,32.6455,0.2638,2380.104354,400,1.1,-0.05,,
Bordeaux,2012,205,16,32.274,0.26735,2032.791411,400,1.1,-0.05,,
Bordeaux,2012,205,17,31.506,0.26145,789.4478308,400,1.1,-0.05,,
Bordeaux,2012,205,18,29.989,0.2893,259.2167389,400,1.1,-0.05,,
Bordeaux,2012,205,19,28.2165,0.332,133.3094231,400,1.1,-0.05,,
Bordeaux,2012,205,20,26.153,0.35595,60.53168424,400,1.1,-0.05,,
Bordeaux,2012,205,21,24.276,0.45985,13.62942308,400,1.1,-0.05,,
Bordeaux,2012,205,22,23.688,0.52175,1.150769231,400,1.1,-0.05,,
Bordeaux,2012,205,23,23.3105,0.5589,2.769038461,400,1.1,-0.05,,
Bordeaux,2012,206,0,22.8335,0.55875,3.128653846,400,1.1,-0.05,,
Bordeaux,2012,206,1,22.214,0.6093,2.948846154,400,1.1,-0.05,,
Bordeaux,2012,206,2,21.75,0.672,1.941923077,400,1.1,-0.05,,
Bordeaux,2012,206,3,21.027,0.7238,1.618269231,400,1.1,-0.05,,
Bordeaux,2012,206,4,20.3495,0.7538,0.4675,400,1.1,-0.05,,
Bordeaux,2012,206,5,19.744,0.75975,0.647307692,400,1.1,-0.05,,
Bordeaux,2012,206,6,19.191,0.7625,5.825769231,400,1.1,-0.05,,
Bordeaux,2012,206,7,20.406,0.77735,64.47903846,400,1.1,-0.05,,
Bordeaux,2012,206,8,24.284,0.6037,243.0280769,400,1.1,-0.05,,
Bordeaux,2012,206,9,28.27,0.4616,616.3807692,400,1.1,-0.05,,
Bordeaux,2012,206,10,31.263,0.4288,740.0884615,400,1.1,-0.05,,
Bordeaux,2012,206,11,31.3585,0.36965,1052.953846,400,1.1,-0.05,,
Bordeaux,2012,206,12,33.221,0.3255,2368.426924,400,1.1,-0.05,,
Bordeaux,2012,206,13,34.427,0.27545,2269.173077,400,1.1,-0.05,,
Bordeaux,2012,206,14,34.872,0.26345,1906.321154,400,1.1,-0.05,,
Bordeaux,2012,206,15,34.3815,0.2563,2271.683911,400,1.1,-0.05,,
Bordeaux,2012,206,16,34.061,0.26475,1944.217424,400,1.1,-0.05,,
Bordeaux,2012,206,17,33.293,0.26825,769.9689039,400,1.1,-0.05,,
Bordeaux,2012,206,18,31.758,0.29885,262.9655135,400,1.1,-0.05,,
Bordeaux,2012,206,19,29.963,0.3244,132.7340385,400,1.1,-0.05,,
Bordeaux,2012,206,20,27.9255,0.3677,60.42142615,400,1.1,-0.05,,
Bordeaux,2012,206,21,25.986,0.4538,13.30576924,400,1.1,-0.05,,
Bordeaux,2012,206,22,25.132,0.4893,0,400,1.1,-0.05,,
Bordeaux,2012,206,23,24.706,0.4868,0.143846154,400,1.1,-0.05,,
Bordeaux,2012,207,0,24.128,0.52165,0.755192308,400,1.1,-0.05,,
Bordeaux,2012,207,1,23.589,0.56615,2.193653846,400,1.1,-0.05,,
Bordeaux,2012,207,2,23.0315,0.60945,1.582307692,400,1.1,-0.05,,
Bordeaux,2012,207,3,22.4695,0.66,0.4675,400,1.1,-0.05,,
Bordeaux,2012,207,4,22.067,0.7159,0.251730769,400,1.1,-0.05,,
Bordeaux,2012,207,5,21.684,0.76535,0.035961539,400,1.1,-0.05,,
Bordeaux,2012,207,6,21.3695,0.78835,5.538076924,400,1.1,-0.05,,
Bordeaux,2012,207,7,22.318,0.78755,72.39057692,400,1.1,-0.05,,
Bordeaux,2012,207,8,24.7775,0.61165,207.1025,400,1.1,-0.05,,
Bordeaux,2012,207,9,27.808,0.46965,462.4653846,400,1.1,-0.05,,
Bordeaux,2012,207,10,31.326,0.4241,686.8653846,400,1.1,-0.05,,
Bordeaux,2012,207,11,31.9665,0.38825,969.5230769,400,1.1,-0.05,,
Bordeaux,2012,207,12,33.948,0.32615,2056.280769,400,1.1,-0.05,,
Bordeaux,2012,207,13,35.6465,0.2797,2104.469231,400,1.1,-0.05,,
Bordeaux,2012,207,14,34.761,0.2521,1838.713461,400,1.1,-0.05,,
Bordeaux,2012,207,15,36.584,0.23635,2006.329474,400,1.1,-0.05,,
Bordeaux,2012,207,16,36.5555,0.25285,1669.674811,400,1.1,-0.05,,
Bordeaux,2012,207,17,36.005,0.2659,725.1306192,400,1.1,-0.05,,
Bordeaux,2012,207,18,35.2785,0.2918,427.4338115,400,1.1,-0.05,,
Bordeaux,2012,207,19,32.509,0.31835,150.2450061,400,1.1,-0.05,,
Bordeaux,2012,207,20,29.8265,0.389,66.385,400,1.1,-0.05,,
Bordeaux,2012,207,21,27.76,0.47405,13.70134615,400,1.1,-0.05,,
Bordeaux,2012,207,22,26.9395,0.4991,0.251730769,400,1.1,-0.05,,
Bordeaux,2012,207,23,26.2595,0.55225,0.215769231,400,1.1,-0.05,,
Bordeaux,2012,208,0,25.367,0.6025,0,400,1.1,-0.05,,
Bordeaux,2012,208,1,24.635,0.6427,0.395576924,400,1.1,-0.05,,
Bordeaux,2012,208,2,23.9815,0.6893,5.73342,400,1.1,-0.05,,
Bordeaux,2012,208,3,23.4875,0.73675,6.983011539,400,1.1,-0.05,,
Bordeaux,2012,208,4,23.02,0.7649,6.725742692,400,1.1,-0.05,,
Bordeaux,2012,208,5,22.609,0.7759,9.629205385,400,1.1,-0.05,,
Bordeaux,2012,208,6,22.2685,0.7887,12.64292615,400,1.1,-0.05,,
Bordeaux,2012,208,7,23.1105,0.79205,62.86076924,400,1.1,-0.05,,
Bordeaux,2012,208,8,26.0385,0.66825,206.635,400,1.1,-0.05,,
Bordeaux,2012,208,9,30.054,0.5179,465.7019231,400,1.1,-0.05,,
Bordeaux,2012,208,10,33.145,0.4704,680.7519231,400,1.1,-0.05,,
Bordeaux,2012,208,11,34.355,0.43,988.2230769,400,1.1,-0.05,,
Bordeaux,2012,208,12,36.1615,0.35735,1938.686539,400,1.1,-0.05,,
Bordeaux,2012,208,13,37.7395,0.31215,1480.536539,400,1.1,-0.05,,
Bordeaux,2012,208,14,37.0605,0.3338,1030.298077,400,1.1,-0.05,,
Bordeaux,2012,208,15,37.953,0.31045,1853.438274,400,1.1,-0.05,,
Bordeaux,2012,208,16,38.705,0.28575,1271.275627,400,1.1,-0.05,,
Bordeaux,2012,208,17,34.7965,0.3644,204.9448077,400,1.1,-0.05,,
Bordeaux,2012,208,18,33.105,0.48265,336.2871346,400,1.1,-0.05,,
Bordeaux,2012,208,19,32.268,0.4496,169.8709439,400,1.1,-0.05,,
Bordeaux,2012,208,20,30.305,0.4913,76.11482577,400,1.1,-0.05,,
Bordeaux,2012,208,21,29.099,0.50675,12.86344231,400,1.1,-0.05,,
Bordeaux,2012,208,22,28.2845,0.5269,12.16514115,400,1.1,-0.05,,
Bordeaux,2012,208,23,27.474,0.5229,12.42241,400,1.1,-0.05,,
Bordeaux,2012,209,0,26.893,0.5466,11.944625,400,1.1,-0.05,,
Bordeaux,2012,209,1,26.156,0.641,12.31215192,400,1.1,-0.05,,
Bordeaux,2012,209,2,24.998,0.74475,3.675269231,400,1.1,-0.05,,
Bordeaux,2012,209,3,24.568,0.7897,5.696667308,400,1.1,-0.05,,
Bordeaux,2012,209,4,24.159,0.7975,7.093269615,400,1.1,-0.05,,
Bordeaux,2012,209,5,23.7875,0.7911,8.857398846,400,1.1,-0.05,,
Bordeaux,2012,209,6,23.5055,0.8071,9.629205385,400,1.1,-0.05,,
Bordeaux,2012,209,7,23.81,0.8043,48.72788461,400,1.1,-0.05,,
Bordeaux,2012,209,8,25.2275,0.7415,104.5401923,400,1.1,-0.05,,
Bordeaux,2012,209,9,25.186,0.7081,76.45423077,400,1.1,-0.05,,
Bordeaux,2012,209,10,25.048,0.72195,74.22461539,400,1.1,-0.05,,
Bordeaux,2012,209,11,25.7825,0.69625,260.1817308,400,1.1,-0.05,,
Bordeaux,2012,209,12,30.652,0.54945,1887.980769,400,1.1,-0.05,,
Bordeaux,2012,209,13,35.511,0.39765,2490.336539,400,1.1,-0.05,,
Bordeaux,2012,209,14,36.2175,0.3583,2547.875,400,1.1,-0.05,,
Bordeaux,2012,209,15,36.101,0.3336,2413.181777,400,1.1,-0.05,,
Bordeaux,2012,209,16,35.663,0.32535,1763.761704,400,1.1,-0.05,,
Bordeaux,2012,209,17,34.829,0.34105,839.4314924,400,1.1,-0.05,,
Bordeaux,2012,209,18,33.6615,0.37665,518.5804885,400,1.1,-0.05,,
Bordeaux,2012,209,19,30.772,0.4415,210.4091635,400,1.1,-0.05,,
Bordeaux,2012,209,20,29.238,0.48735,130.435305,400,1.1,-0.05,,
Bordeaux,2012,209,21,27.1245,0.5602,20.78576924,400,1.1,-0.05,,
Bordeaux,2012,209,22,25.746,0.6566,0.251730769,400,1.1,-0.05,,
Bordeaux,2012,209,23,25.182,0.6991,0.539423077,400,1.1,-0.05,,
Bordeaux,2012,210,0,24.511,0.73305,0.251730769,400,1.1,-0.05,,
Bordeaux,2012,210,1,24.079,0.75975,0.539423077,400,1.1,-0.05,,
Bordeaux,2012,210,2,23.8145,0.7644,1.222692308,400,1.1,-0.05,,
Bordeaux,2012,210,3,23.628,0.7293,0.899038461,400,1.1,-0.05,,
Bordeaux,2012,210,4,23.5645,0.71245,0.970961539,400,1.1,-0.05,,
Bordeaux,2012,210,5,23.5115,0.7218,0.395576924,400,1.1,-0.05,,
Bordeaux,2012,210,6,23.2535,0.7421,3.452307692,400,1.1,-0.05,,
Bordeaux,2012,210,7,23.28,0.75865,19.47892692,400,1.1,-0.05,,
Bordeaux,2012,210,8,23.8645,0.7509,66.77964192,400,1.1,-0.05,,
Bordeaux,2012,210,9,24.981,0.70805,151.0903181,400,1.1,-0.05,,
Bordeaux,2012,210,10,26.042,0.65205,241.4284358,400,1.1,-0.05,,
Bordeaux,2012,210,11,26.3745,0.6346,253.5935769,400,1.1,-0.05,,
Bordeaux,2012,210,12,27.2705,0.6111,334.4423077,400,1.1,-0.05,,
Bordeaux,2012,210,13,27.7395,0.6114,396.9290769,400,1.1,-0.05,,
Bordeaux,2012,210,14,30.789,0.5063,954.4674192,400,1.1,-0.05,,
Bordeaux,2012,210,15,30.1195,0.454,597.5987769,400,1.1,-0.05,,
Bordeaux,2012,210,16,29.587,0.4707,597.23125,400,1.1,-0.05,,
Bordeaux,2012,210,17,29.792,0.4513,652.3602885,400,1.1,-0.05,,
Bordeaux,2012,210,18,29.2145,0.4447,474.4772577,400,1.1,-0.05,,
Bordeaux,2012,210,19,27.7035,0.45285,228.6017461,400,1.1,-0.05,,
Bordeaux,2012,210,20,25.875,0.47275,90.81590269,400,1.1,-0.05,,
Bordeaux,2012,210,21,24.464,0.5028,17.53103424,400,1.1,-0.05,,
Bordeaux,2012,210,22,23.481,0.5446,8.783893461,400,1.1,-0.05,,
Bordeaux,2012,210,23,22.9525,0.58625,10.73178615,400,1.1,-0.05,,
Bordeaux,2012,211,0,22.0445,0.63645,10.80529154,400,1.1,-0.05,,
Bordeaux,2012,211,1,21.5525,0.6804,12.01813039,400,1.1,-0.05,,
Bordeaux,2012,211,2,21.604,0.6911,12.05488308,400,1.1,-0.05,,
Bordeaux,2012,211,3,21.5775,0.69435,11.54034539,400,1.1,-0.05,,
Bordeaux,2012,211,4,20.783,0.7204,8.453119231,400,1.1,-0.05,,
Bordeaux,2012,211,5,20.544,0.7435,6.615484615,400,1.1,-0.05,,
Bordeaux,2012,211,6,20.2135,0.75045,11.02580769,400,1.1,-0.05,,
Bordeaux,2012,211,7,20.97,0.7549,95.54980769,400,1.1,-0.05,,
Bordeaux,2012,211,8,24.987,0.59485,459.9480769,400,1.1,-0.05,,
Bordeaux,2012,211,9,27.649,0.47745,849.7711539,400,1.1,-0.05,,
Bordeaux,2012,211,10,30.2285,0.4372,1315.832692,400,1.1,-0.05,,
Bordeaux,2012,211,11,30.8855,0.41625,1113.009615,400,1.1,-0.05,,
Bordeaux,2012,211,12,31.982,0.3541,1736.223077,400,1.1,-0.05,,
Bordeaux,2012,211,13,32.7805,0.31595,1201.077985,400,1.1,-0.05,,
Bordeaux,2012,211,14,34.5,0.288,1758.616327,400,1.1,-0.05,,
Bordeaux,2012,211,15,34.692,0.2798,2072.484319,400,1.1,-0.05,,
Bordeaux,2012,211,16,33.4575,0.2884,1864.831608,400,1.1,-0.05,,
Bordeaux,2012,211,17,32.8305,0.2717,965.1257,400,1.1,-0.05,,
Bordeaux,2012,211,18,31.584,0.3266,586.9404961,400,1.1,-0.05,,
Bordeaux,2012,211,19,28.379,0.3955,201.9560442,400,1.1,-0.05,,
Bordeaux,2012,211,20,26.1915,0.4432,85.78078385,400,1.1,-0.05,,
Bordeaux,2012,211,21,24.451,0.47965,13.77326924,400,1.1,-0.05,,
Bordeaux,2012,211,22,23.2565,0.53575,0.539423077,400,1.1,-0.05,,
Bordeaux,2012,211,23,22.3635,0.5984,0.735053846,400,1.1,-0.05,,
Bordeaux,2012,212,0,21.6665,0.65135,0.395576924,400,1.1,-0.05,,
Bordeaux,2012,212,1,21.109,0.68585,0.4675,400,1.1,-0.05,,
Bordeaux,2012,212,2,20.596,0.70555,0,400,1.1,-0.05,,
Bordeaux,2012,212,3,20.0825,0.71425,0.359615385,400,1.1,-0.05,,
Bordeaux,2012,212,4,19.622,0.7165,0.359615385,400,1.1,-0.05,,
Bordeaux,2012,212,5,19.234,0.72305,0.035961539,400,1.1,-0.05,,
Bordeaux,2012,212,6,18.9075,0.7219,5.322307692,400,1.1,-0.05,,
Bordeaux,2012,212,7,19.955,0.7231,89.68807692,400,1.1,-0.05,,
Bordeaux,2012,212,8,24.5655,0.58665,414.9961539,400,1.1,-0.05,,
Bordeaux,2012,212,9,29.831,0.46025,1513.621154,400,1.1,-0.05,,
Bordeaux,2012,212,10,33.1825,0.42105,1875.034615,400,1.1,-0.05,,
Bordeaux,2012,212,11,32.034,0.3923,1066.978846,400,1.1,-0.05,,
Bordeaux,2012,212,12,31.37,0.4036,872.4269231,400,1.1,-0.05,,
Bordeaux,2012,212,13,31.1975,0.4267,798.7057692,400,1.1,-0.05,,
Bordeaux,2012,212,14,32.487,0.3751,1250.326592,400,1.1,-0.05,,
Bordeaux,2012,212,15,33.281,0.34355,1727.744065,400,1.1,-0.05,,
Bordeaux,2012,212,16,32.2625,0.3795,1147.786581,400,1.1,-0.05,,
Bordeaux,2012,212,17,32.6575,0.3609,983.5020461,400,1.1,-0.05,,
Bordeaux,2012,212,18,31.075,0.385,460.8787615,400,1.1,-0.05,,
Bordeaux,2012,212,19,28.5285,0.419,191.9960646,400,1.1,-0.05,,
Bordeaux,2012,212,20,26.554,0.46015,87.83893461,400,1.1,-0.05,,
Bordeaux,2012,212,21,24.9025,0.52715,13.92927039,400,1.1,-0.05,,
Bordeaux,2012,212,22,23.5855,0.5966,8.269355769,400,1.1,-0.05,,
Bordeaux,2012,212,23,22.899,0.65365,0.918817308,400,1.1,-0.05,,
Bordeaux,2012,213,0,22.2865,0.6987,1.582307692,400,1.1,-0.05,,
Bordeaux,2012,213,1,21.7415,0.72675,1.330576924,400,1.1,-0.05,,
Bordeaux,2012,213,2,21.212,0.73945,0.719230769,400,1.1,-0.05,,
Bordeaux,2012,213,3,20.737,0.7425,0.719230769,400,1.1,-0.05,,
Bordeaux,2012,213,4,20.3045,0.7435,0,400,1.1,-0.05,,
Bordeaux,2012,213,5,19.9375,0.7469,0,400,1.1,-0.05,,
Bordeaux,2012,213,6,19.57,0.7462,5.430192308,400,1.1,-0.05,,
Bordeaux,2012,213,7,20.477,0.74165,91.30634615,400,1.1,-0.05,,
Bordeaux,2012,213,8,24.816,0.6067,411.4,400,1.1,-0.05,,
Bordeaux,2012,213,9,30.2905,0.47955,1499.236539,400,1.1,-0.05,,
Bordeaux,2012,213,10,33.8305,0.43705,1954.509615,400,1.1,-0.05,,
Bordeaux,2012,213,11,32.5455,0.45785,1317.216492,400,1.1,-0.05,,
Bordeaux,2012,213,12,35.0085,0.3539,2504.001924,400,1.1,-0.05,,
Bordeaux,2012,213,13,36.2665,0.35785,2449.934469,400,1.1,-0.05,,
Bordeaux,2012,213,14,36.565,0.3352,2163.630996,400,1.1,-0.05,,
Bordeaux,2012,213,15,36.425,0.3404,2501.755765,400,1.1,-0.05,,
Bordeaux,2012,213,16,35.7345,0.3292,2045.654854,400,1.1,-0.05,,
Bordeaux,2012,213,17,34.7935,0.35625,937.1936539,400,1.1,-0.05,,
Bordeaux,2012,213,18,33.596,0.3812,577.0172692,400,1.1,-0.05,,
Bordeaux,2012,213,19,30.864,0.40435,192.2533335,400,1.1,-0.05,,
Bordeaux,2012,213,20,28.439,0.4621,80.41489077,400,1.1,-0.05,,
Bordeaux,2012,213,21,26.959,0.5226,13.05403846,400,1.1,-0.05,,
Bordeaux,2012,213,22,26.3945,0.51765,0.4675,400,1.1,-0.05,,
Bordeaux,2012,213,23,25.8075,0.53625,0,400,1.1,-0.05,,
Bordeaux,2012,214,0,25.2615,0.5479,0.395576924,400,1.1,-0.05,,
Bordeaux,2012,214,1,24.7235,0.57155,0.4675,400,1.1,-0.05,,
Bordeaux,2012,214,2,24.292,0.6023,0.611346154,400,1.1,-0.05,,
Bordeaux,2012,214,3,23.746,0.632,0.647307692,400,1.1,-0.05,,
Bordeaux,2012,214,4,23.513,0.6567,0.4675,400,1.1,-0.05,,
Bordeaux,2012,214,5,23.218,0.6676,1.258653846,400,1.1,-0.05,,
Bordeaux,2012,214,6,22.695,0.68985,5.933653846,400,1.1,-0.05,,
Bordeaux,2012,214,7,23.158,0.7132,86.81115385,400,1.1,-0.05,,
Bordeaux,2012,214,8,25.5575,0.6537,271.9411539,400,1.1,-0.05,,
Bordeaux,2012,214,9,28.59,0.53295,1157.242308,400,1.1,-0.05,,
Bordeaux,2012,214,10,33.517,0.4396,1971.051924,400,1.1,-0.05,,
Bordeaux,2012,214,11,30.6875,0.4325,653.7807692,400,1.1,-0.05,,
Bordeaux,2012,214,12,30.587,0.4572,806.2576924,400,1.1,-0.05,,
Bordeaux,2012,214,13,32.369,0.4114,1204.753254,400,1.1,-0.05,,
Bordeaux,2012,214,14,33.2915,0.37985,1173.784615,400,1.1,-0.05,,
Bordeaux,2012,214,15,31.7605,0.42845,819.2175115,400,1.1,-0.05,,
Bordeaux,2012,214,16,30.4595,0.4589,528.6346154,400,1.1,-0.05,,
Bordeaux,2012,214,17,29.5025,0.44145,447.6477924,400,1.1,-0.05,,
Bordeaux,2012,214,18,30.685,0.4398,525.5635,400,1.1,-0.05,,
Bordeaux,2012,214,19,28.1075,0.45855,182.2933539,400,1.1,-0.05,,
Bordeaux,2012,214,20,26.7205,0.48825,97.90917231,400,1.1,-0.05,,
Bordeaux,2012,214,21,25.212,0.53505,14.70107692,400,1.1,-0.05,,
Bordeaux,2012,214,22,24.116,0.60015,4.483828461,400,1.1,-0.05,,
Bordeaux,2012,214,23,23.4465,0.6495,1.366538461,400,1.1,-0.05,,
Bordeaux,2012,215,0,22.904,0.6944,1.222692308,400,1.1,-0.05,,
Bordeaux,2012,215,1,22.5155,0.72975,0.215769231,400,1.1,-0.05,,
Bordeaux,2012,215,2,22.184,0.75495,0,400,1.1,-0.05,,
Bordeaux,2012,215,3,22.1395,0.7676,0,400,1.1,-0.05,,
Bordeaux,2012,215,4,22.0115,0.77895,0.647307692,400,1.1,-0.05,,
Bordeaux,2012,215,5,22.0355,0.78505,0.827115385,400,1.1,-0.05,,
Bordeaux,2012,215,6,22.0605,0.78775,3.488269231,400,1.1,-0.05,,
Bordeaux,2012,215,7,22.3105,0.7883,53.295,400,1.1,-0.05,,
Bordeaux,2012,215,8,24.4405,0.71625,235.8717308,400,1.1,-0.05,,
Bordeaux,2012,215,9,25.9625,0.60195,289.4903846,400,1.1,-0.05,,
Bordeaux,2012,215,10,27.5945,0.50235,541.9403846,400,1.1,-0.05,,
Bordeaux,2012,215,11,29.0925,0.4714,603.075,400,1.1,-0.05,,
Bordeaux,2012,215,12,30.2715,0.42305,822.0807692,400,1.1,-0.05,,
Bordeaux,2012,215,13,32.293,0.37995,1220.894231,400,1.1,-0.05,,
Bordeaux,2012,215,14,33.9245,0.3567,1056.272377,400,1.1,-0.05,,
Bordeaux,2012,215,15,33.076,0.3503,1038.263558,400,1.1,-0.05,,
Bordeaux,2012,215,16,31.2435,0.3668,707.1218,400,1.1,-0.05,,
Bordeaux,2012,215,17,30.246,0.39015,468.5968269,400,1.1,-0.05,,
Bordeaux,2012,215,18,29.347,0.4197,375.9800424,400,1.1,-0.05,,
Bordeaux,2012,215,19,28.0815,0.4489,192.1425,400,1.1,-0.05,,
Bordeaux,2012,215,20,26.4595,0.47185,92.24925769,400,1.1,-0.05,,
Bordeaux,2012,215,21,24.851,0.5195,12.04711539,400,1.1,-0.05,,
Bordeaux,2012,215,22,23.551,0.5868,0.503461539,400,1.1,-0.05,,
Bordeaux,2012,215,23,22.828,0.6459,0.4675,400,1.1,-0.05,,
Bordeaux,2012,216,0,22.1195,0.69255,1.006923077,400,1.1,-0.05,,
Bordeaux,2012,216,1,21.572,0.72235,0.992322692,400,1.1,-0.05,,
Bordeaux,2012,216,2,21.0205,0.7303,0.882064615,400,1.1,-0.05,,
Bordeaux,2012,216,3,20.6295,0.7385,0.624795769,400,1.1,-0.05,,
Bordeaux,2012,216,4,20.367,0.7494,0.863076924,400,1.1,-0.05,,
Bordeaux,2012,216,5,20.096,0.75235,0.970961539,400,1.1,-0.05,,
Bordeaux,2012,216,6,19.598,0.7442,4.962692308,400,1.1,-0.05,,
Bordeaux,2012,216,7,20.2735,0.73985,88.825,400,1.1,-0.05,,
Bordeaux,2012,216,8,24.427,0.61075,399.1730769,400,1.1,-0.05,,
Bordeaux,2012,216,9,29.714,0.4666,1395.667308,400,1.1,-0.05,,
Bordeaux,2012,216,10,32.0705,0.45635,1503.911539,400,1.1,-0.05,,
Bordeaux,2012,216,11,30.495,0.4435,1056.190385,400,1.1,-0.05,,
Bordeaux,2012,216,12,31.1895,0.40955,903.7134615,400,1.1,-0.05,,
Bordeaux,2012,216,13,30.2015,0.43875,808.4153846,400,1.1,-0.05,,
Bordeaux,2012,216,14,36.053,0.3389,2003.389258,400,1.1,-0.05,,
Bordeaux,2012,216,15,36.873,0.2704,2200.751215,400,1.1,-0.05,,
Bordeaux,2012,216,16,32.745,0.28585,890.8852615,400,1.1,-0.05,,
Bordeaux,2012,216,17,33.7125,0.3153,916.6121461,400,1.1,-0.05,,
Bordeaux,2012,216,18,32.723,0.3549,578.4873769,400,1.1,-0.05,,
Bordeaux,2012,216,19,29.868,0.38735,188.4025,400,1.1,-0.05,,
Bordeaux,2012,216,20,26.8475,0.4616,59.30057692,400,1.1,-0.05,,
Bordeaux,2012,216,21,25.1095,0.5183,10.69503346,400,1.1,-0.05,,
Bordeaux,2012,216,22,23.975,0.5817,4.667591924,400,1.1,-0.05,,
Bordeaux,2012,216,23,23.2925,0.62905,3.160731539,400,1.1,-0.05,,
Bordeaux,2012,217,0,22.695,0.67535,2.682946539,400,1.1,-0.05,,
Bordeaux,2012,217,1,22.3635,0.7078,2.168408846,400,1.1,-0.05,,
Bordeaux,2012,217,2,22.0575,0.73265,1.433355,400,1.1,-0.05,,
Bordeaux,2012,217,3,21.822,0.7539,1.176086154,400,1.1,-0.05,,
Bordeaux,2012,217,4,21.913,0.7612,1.029075385,400,1.1,-0.05,,
Bordeaux,2012,217,5,21.939,0.76225,0.735053846,400,1.1,-0.05,,
Bordeaux,2012,217,6,21.7685,0.7697,4.189806924,400,1.1,-0.05,,
Bordeaux,2012,217,7,21.9595,0.7702,32.97673077,400,1.1,-0.05,,
Bordeaux,2012,217,8,23.4125,0.72995,177.7219231,400,1.1,-0.05,,
Bordeaux,2012,217,9,26.033,0.5908,461.7461539,400,1.1,-0.05,,
Bordeaux,2012,217,10,28.5845,0.4808,789.7153846,400,1.1,-0.05,,
Bordeaux,2012,217,11,29.552,0.481,732.1769231,400,1.1,-0.05,,
Bordeaux,2012,217,12,28.0835,0.46885,320.7769231,400,1.1,-0.05,,
Bordeaux,2012,217,13,29.6725,0.46715,718.5115385,400,1.1,-0.05,,
Bordeaux,2012,217,14,30.4565,0.4516,691.1807692,400,1.1,-0.05,,
Bordeaux,2012,217,15,30.775,0.42895,638.3173077,400,1.1,-0.05,,
Bordeaux,2012,217,16,30.0035,0.41945,463.1846154,400,1.1,-0.05,,
Bordeaux,2012,217,17,29.5375,0.46105,412.8384615,400,1.1,-0.05,,
Bordeaux,2012,217,18,28.8745,0.4688,313.5846154,400,1.1,-0.05,,
Bordeaux,2012,217,19,27.67,0.46155,170.5655769,400,1.1,-0.05,,
Bordeaux,2012,217,20,25.751,0.48895,39.48576924,400,1.1,-0.05,,
Bordeaux,2012,217,21,24.612,0.56075,8.342861154,400,1.1,-0.05,,
Bordeaux,2012,217,22,23.954,0.61385,2.499183077,400,1.1,-0.05,,
Bordeaux,2012,217,23,23.463,0.6562,0.918817308,400,1.1,-0.05,,
Bordeaux,2012,218,0,22.9525,0.6997,1.726153846,400,1.1,-0.05,,
Bordeaux,2012,218,1,22.672,0.73345,0.970961539,400,1.1,-0.05,,
Bordeaux,2012,218,2,22.4565,0.7575,1.510384615,400,1.1,-0.05,,
Bordeaux,2012,218,3,22.206,0.785,0.110258077,400,1.1,-0.05,,
Bordeaux,2012,218,4,21.9,0.8033,0,400,1.1,-0.05,,
Bordeaux,2012,218,5,21.6345,0.8155,0.036752692,400,1.1,-0.05,,
Bordeaux,2012,218,6,21.4235,0.8245,0.992322692,400,1.1,-0.05,,
Bordeaux,2012,218,7,21.428,0.828,20.1025,400,1.1,-0.05,,
Bordeaux,2012,218,8,22.0005,0.8275,80.69769231,400,1.1,-0.05,,
Bordeaux,2012,218,9,23.405,0.80375,168.5876924,400,1.1,-0.05,,
Bordeaux,2012,218,10,24.3915,0.76135,204.0098077,400,1.1,-0.05,,
Bordeaux,2012,218,11,24.4345,0.7416,207.6419231,400,1.1,-0.05,,
Bordeaux,2012,218,12,24.018,0.74145,182.6846154,400,1.1,-0.05,,
Bordeaux,2012,218,13,24.04,0.74685,146.6871154,400,1.1,-0.05,,
Bordeaux,2012,218,14,23.885,0.7651,235.1884615,400,1.1,-0.05,,
Bordeaux,2012,218,15,24.308,0.74195,179.3042308,400,1.1,-0.05,,
Bordeaux,2012,218,16,25.788,0.652,432.9769231,400,1.1,-0.05,,
Bordeaux,2012,218,17,26.059,0.53865,335.1615385,400,1.1,-0.05,,
Bordeaux,2012,218,18,25.2245,0.53255,250.9396154,400,1.1,-0.05,,
Bordeaux,2012,218,19,25.952,0.5327,237.3121342,400,1.1,-0.05,,
Bordeaux,2012,218,20,24.4985,0.5858,85.37269231,400,1.1,-0.05,,
Bordeaux,2012,218,21,22.854,0.657,9.026346154,400,1.1,-0.05,,
Bordeaux,2012,218,22,21.7925,0.72455,1.510384615,400,1.1,-0.05,,
Bordeaux,2012,218,23,21.4505,0.76005,0.755192308,400,1.1,-0.05,,
Bordeaux,2012,219,0,21.082,0.78335,1.222692308,400,1.1,-0.05,,
Bordeaux,2012,219,1,20.8465,0.7984,1.006923077,400,1.1,-0.05,,
Bordeaux,2012,219,2,20.632,0.80995,0.539423077,400,1.1,-0.05,,
Bordeaux,2012,219,3,20.536,0.8185,1.4025,400,1.1,-0.05,,
Bordeaux,2012,219,4,20.3025,0.82,1.114807692,400,1.1,-0.05,,
Bordeaux,2012,219,5,20.0715,0.8155,1.114807692,400,1.1,-0.05,,
Bordeaux,2012,219,6,19.683,0.8105,3.236538461,400,1.1,-0.05,,
Bordeaux,2012,219,7,19.8825,0.8195,34.19942308,400,1.1,-0.05,,
Bordeaux,2012,219,8,22.641,0.75545,318.9788461,400,1.1,-0.05,,
Bordeaux,2012,219,9,25.3295,0.62525,442.6865385,400,1.1,-0.05,,
Bordeaux,2012,219,10,30.4845,0.48415,1632.653846,400,1.1,-0.05,,
Bordeaux,2012,219,11,28.5915,0.46905,694.2583577,400,1.1,-0.05,,
Bordeaux,2012,219,12,30.2945,0.43015,1090.713462,400,1.1,-0.05,,
Bordeaux,2012,219,13,28.7135,0.42795,798.3461539,400,1.1,-0.05,,
Bordeaux,2012,219,14,31.432,0.3896,1334.532692,400,1.1,-0.05,,
Bordeaux,2012,219,15,31.946,0.3576,1386.311554,400,1.1,-0.05,,
Bordeaux,2012,219,16,32.345,0.35045,1421.594139,400,1.1,-0.05,,
Bordeaux,2012,219,17,30.46,0.3783,661.1809346,400,1.1,-0.05,,
Bordeaux,2012,219,18,28.764,0.4219,364.2191808,400,1.1,-0.05,,
Bordeaux,2012,219,19,26.9865,0.45525,169.1271154,400,1.1,-0.05,,
Bordeaux,2012,219,20,25.714,0.4795,69.72942308,400,1.1,-0.05,,
Bordeaux,2012,219,21,24.074,0.5388,7.336153846,400,1.1,-0.05,,
Bordeaux,2012,219,22,22.707,0.6203,1.114807692,400,1.1,-0.05,,
Bordeaux,2012,219,23,21.7915,0.6821,1.222692308,400,1.1,-0.05,,
Bordeaux,2012,220,0,21.066,0.71815,0.611346154,400,1.1,-0.05,,
Bordeaux,2012,220,1,20.4885,0.73025,0,400,1.1,-0.05,,
Bordeaux,2012,220,2,19.998,0.73895,0,400,1.1,-0.05,,
Bordeaux,2012,220,3,19.5475,0.7452,0,400,1.1,-0.05,,
Bordeaux,2012,220,4,19.212,0.74945,0.251730769,400,1.1,-0.05,,
Bordeaux,2012,220,5,18.943,0.7542,0.107884615,400,1.1,-0.05,,
Bordeaux,2012,220,6,18.6995,0.75855,3.811923077,400,1.1,-0.05,,
Bordeaux,2012,220,7,19.3225,0.7535,76.34634615,400,1.1,-0.05,,
Bordeaux,2012,220,8,23.06,0.63315,377.9557692,400,1.1,-0.05,,
Bordeaux,2012,220,9,27.5765,0.49805,1104.378846,400,1.1,-0.05,,
Bordeaux,2012,220,10,31.366,0.4669,1616.830769,400,1.1,-0.05,,
Bordeaux,2012,220,11,32.269,0.4187,1419.401924,400,1.1,-0.05,,
Bordeaux,2012,220,12,33.1555,0.37265,1983.638461,400,1.1,-0.05,,
Bordeaux,2012,220,13,33.95,0.3572,2037.940385,400,1.1,-0.05,,
Bordeaux,2012,220,14,35.5295,0.3356,1853.8058,400,1.1,-0.05,,
Bordeaux,2012,220,15,35.277,0.3208,2281.974665,400,1.1,-0.05,,
Bordeaux,2012,220,16,34.454,0.32775,1963.69635,400,1.1,-0.05,,
Bordeaux,2012,220,17,32.7695,0.3487,850.4573,400,1.1,-0.05,,
Bordeaux,2012,220,18,31.6415,0.3916,550.1878039,400,1.1,-0.05,,
Bordeaux,2012,220,19,29.22,0.43605,173.9819231,400,1.1,-0.05,,
Bordeaux,2012,220,20,26.798,0.51605,63.83173077,400,1.1,-0.05,,
Bordeaux,2012,220,21,25.6055,0.5212,7.911538461,400,1.1,-0.05,,
Bordeaux,2012,220,22,24.9215,0.51815,0.215769231,400,1.1,-0.05,,
Bordeaux,2012,220,23,24.0925,0.54375,0,400,1.1,-0.05,,
Bordeaux,2012,221,0,23.603,0.5702,0.503461539,400,1.1,-0.05,,
Bordeaux,2012,221,1,23.0945,0.5952,0.107884615,400,1.1,-0.05,,
Bordeaux,2012,221,2,22.587,0.62275,0,400,1.1,-0.05,,
Bordeaux,2012,221,3,21.914,0.65165,0,400,1.1,-0.05,,
Bordeaux,2012,221,4,21.5845,0.67535,0,400,1.1,-0.05,,
Bordeaux,2012,221,5,21.269,0.68825,0,400,1.1,-0.05,,
Bordeaux,2012,221,6,20.9565,0.7015,3.704038461,400,1.1,-0.05,,
Bordeaux,2012,221,7,21.5695,0.67635,79.475,400,1.1,-0.05,,
Bordeaux,2012,221,8,24.6885,0.55325,365.3692308,400,1.1,-0.05,,
Bordeaux,2012,221,9,28.785,0.4793,1260.811539,400,1.1,-0.05,,
Bordeaux,2012,221,10,32.8095,0.4249,1870.359615,400,1.1,-0.05,,
Bordeaux,2012,221,11,33.0885,0.37655,1462.915385,400,1.1,-0.05,,
Bordeaux,2012,221,12,35.036,0.3415,2487.819231,400,1.1,-0.05,,
Bordeaux,2012,221,13,36.679,0.3254,2353.323077,400,1.1,-0.05,,
Bordeaux,2012,221,14,37.295,0.30465,1890.190965,400,1.1,-0.05,,
Bordeaux,2012,221,15,37.794,0.28515,2342.984135,400,1.1,-0.05,,
Bordeaux,2012,221,16,36.986,0.25765,2001.551624,400,1.1,-0.05,,
Bordeaux,2012,221,17,35.835,0.2495,862.2181615,400,1.1,-0.05,,
Bordeaux,2012,221,18,34.2075,0.2752,559.7435039,400,1.1,-0.05,,
Bordeaux,2012,221,19,31.578,0.3387,171.3567308,400,1.1,-0.05,,
Bordeaux,2012,221,20,28.8265,0.37135,62.53711539,400,1.1,-0.05,,
Bordeaux,2012,221,21,26.4965,0.4239,6.868653846,400,1.1,-0.05,,
Bordeaux,2012,221,22,25.1745,0.4987,0,400,1.1,-0.05,,
Bordeaux,2012,221,23,25.308,0.4786,0.4675,400,1.1,-0.05,,
Bordeaux,2012,222,0,25.0885,0.4146,0.359615385,400,1.1,-0.05,,
Bordeaux,2012,222,1,24.612,0.43875,0.035961539,400,1.1,-0.05,,
Bordeaux,2012,222,2,23.9405,0.478,0,400,1.1,-0.05,,
Bordeaux,2012,222,3,23.365,0.5183,0,400,1.1,-0.05,,
Bordeaux,2012,222,4,22.8425,0.5574,0,400,1.1,-0.05,,
Bordeaux,2012,222,5,22.4605,0.5927,0,400,1.1,-0.05,,
Bordeaux,2012,222,6,22.0395,0.6233,2.840961539,400,1.1,-0.05,,
Bordeaux,2012,222,7,22.84,0.62105,91.1625,400,1.1,-0.05,,
Bordeaux,2012,222,8,25.796,0.5268,387.3057692,400,1.1,-0.05,,
Bordeaux,2012,222,9,29.6015,0.4752,1156.882692,400,1.1,-0.05,,
Bordeaux,2012,222,10,33.64,0.41525,1722.557692,400,1.1,-0.05,,
Bordeaux,2012,222,11,33.9285,0.362,1415.446154,400,1.1,-0.05,,
Bordeaux,2012,222,12,35.8105,0.27325,2213.073077,400,1.1,-0.05,,
Bordeaux,2012,222,13,37.3905,0.23435,1872.876924,400,1.1,-0.05,,
Bordeaux,2012,222,14,38.887,0.2348,1483.706189,400,1.1,-0.05,,
Bordeaux,2012,222,15,38.8995,0.2174,1613.443192,400,1.1,-0.05,,
Bordeaux,2012,222,16,37.87,0.2157,1443.645754,400,1.1,-0.05,,
Bordeaux,2012,222,17,37.0915,0.2304,766.2936346,400,1.1,-0.05,,
Bordeaux,2012,222,18,35.589,0.24285,521.8882308,400,1.1,-0.05,,
Bordeaux,2012,222,19,32.8555,0.2675,161.755,400,1.1,-0.05,,
Bordeaux,2012,222,20,30.099,0.3672,60.16365385,400,1.1,-0.05,,
Bordeaux,2012,222,21,28.103,0.47215,6.113461539,400,1.1,-0.05,,
Bordeaux,2012,222,22,27.223,0.48535,0.215769231,400,1.1,-0.05,,
Bordeaux,2012,222,23,26.4865,0.46805,0,400,1.1,-0.05,,
Bordeaux,2012,223,0,26.1575,0.4379,0,400,1.1,-0.05,,
Bordeaux,2012,223,1,25.6275,0.4683,0,400,1.1,-0.05,,
Bordeaux,2012,223,2,25.2,0.4962,0,400,1.1,-0.05,,
Bordeaux,2012,223,3,24.444,0.53975,0,400,1.1,-0.05,,
Bordeaux,2012,223,4,23.779,0.57375,0,400,1.1,-0.05,,
Bordeaux,2012,223,5,23.3935,0.59355,1.874387308,400,1.1,-0.05,,
Bordeaux,2012,223,6,22.9215,0.63015,2.940215385,400,1.1,-0.05,,
Bordeaux,2012,223,7,23.2565,0.63035,68.79442308,400,1.1,-0.05,,
Bordeaux,2012,223,8,26.212,0.53285,397.375,400,1.1,-0.05,,
Bordeaux,2012,223,9,29.5945,0.4937,978.1538461,400,1.1,-0.05,,
Bordeaux,2012,223,10,34.1155,0.4514,842.2192308,400,1.1,-0.05,,
Bordeaux,2012,223,11,35.076,0.36835,884.2942308,400,1.1,-0.05,,
Bordeaux,2012,223,12,36.394,0.31455,963.4096154,400,1.1,-0.05,,
Bordeaux,2012,223,13,38.0445,0.2786,993.6173077,400,1.1,-0.05,,
Bordeaux,2012,223,14,38.7585,0.254,1080.284615,400,1.1,-0.05,,
Bordeaux,2012,223,15,39.08,0.2255,1314.753846,400,1.1,-0.05,,
Bordeaux,2012,223,16,38.8955,0.2039,1261.890385,400,1.1,-0.05,,
Bordeaux,2012,223,17,37.6895,0.1971,665.6480769,400,1.1,-0.05,,
Bordeaux,2012,223,18,36.0675,0.22005,744.6095461,400,1.1,-0.05,,
Bordeaux,2012,223,19,33.346,0.26265,246.2797911,400,1.1,-0.05,,
Bordeaux,2012,223,20,30.5035,0.3515,62.50115385,400,1.1,-0.05,,
Bordeaux,2012,223,21,27.638,0.44495,5.358269231,400,1.1,-0.05,,
Bordeaux,2012,223,22,26.492,0.50975,0.215769231,400,1.1,-0.05,,
Bordeaux,2012,223,23,26.9955,0.46605,0.611346154,400,1.1,-0.05,,
Bordeaux,2012,224,0,27.027,0.42135,0.143846154,400,1.1,-0.05,,
Bordeaux,2012,224,1,26.215,0.46055,0.251730769,400,1.1,-0.05,,
Bordeaux,2012,224,2,25.4255,0.4989,0.359615385,400,1.1,-0.05,,
Bordeaux,2012,224,3,24.9235,0.51765,0,400,1.1,-0.05,,
Bordeaux,2012,224,4,24.269,0.5432,0,400,1.1,-0.05,,
Bordeaux,2012,224,5,23.771,0.58455,0.251730769,400,1.1,-0.05,,
Bordeaux,2012,224,6,23.4095,0.6652,2.085769231,400,1.1,-0.05,,
Bordeaux,2012,224,7,23.904,0.7367,27.00711539,400,1.1,-0.05,,
Bordeaux,2012,224,8,24.796,0.73735,109.9344231,400,1.1,-0.05,,
Bordeaux,2012,224,9,26.2215,0.67915,265.7917308,400,1.1,-0.05,,
Bordeaux,2012,224,10,28.382,0.6057,425.0653846,400,1.1,-0.05,,
Bordeaux,2012,224,11,27.4105,0.5925,261.1886539,400,1.1,-0.05,,
Bordeaux,2012,224,12,26.872,0.60385,251.9465385,400,1.1,-0.05,,
Bordeaux,2012,224,13,26.5905,0.6097,255.2190385,400,1.1,-0.05,,
Bordeaux,2012,224,14,25.67,0.6295,236.555,400,1.1,-0.05,,
Bordeaux,2012,224,15,26.3005,0.59285,388.025,400,1.1,-0.05,,
Bordeaux,2012,224,16,29.0365,0.5021,688.3038461,400,1.1,-0.05,,
Bordeaux,2012,224,17,29.474,0.46415,564.5961539,400,1.1,-0.05,,
Bordeaux,2012,224,18,28.9735,0.46345,518.5653846,400,1.1,-0.05,,
Bordeaux,2012,224,19,27.573,0.48695,210.3390385,400,1.1,-0.05,,
Bordeaux,2012,224,20,25.911,0.5664,30.67519231,400,1.1,-0.05,,
Bordeaux,2012,224,21,24.814,0.6432,4.387307692,400,1.1,-0.05,,
Bordeaux,2012,224,22,24.536,0.6805,1.006923077,400,1.1,-0.05,,
Bordeaux,2012,224,23,24.3605,0.6969,1.078846154,400,1.1,-0.05,,
Bordeaux,2012,225,0,23.6845,0.7226,0.503461539,400,1.1,-0.05,,
Bordeaux,2012,225,1,23.0655,0.75125,0.251730769,400,1.1,-0.05,,
Bordeaux,2012,225,2,22.6425,0.77095,0.503461539,400,1.1,-0.05,,
Bordeaux,2012,225,3,22.3245,0.7869,0.899038461,400,1.1,-0.05,,
Bordeaux,2012,225,4,22.024,0.7928,0.035961539,400,1.1,-0.05,,
Bordeaux,2012,225,5,21.795,0.79545,0,400,1.1,-0.05,,
Bordeaux,2012,225,6,21.483,0.7926,2.085769231,400,1.1,-0.05,,
Bordeaux,2012,225,7,21.373,0.77945,43.69326924,400,1.1,-0.05,,
Bordeaux,2012,225,8,23.29,0.7565,160.2446154,400,1.1,-0.05,,
Bordeaux,2012,225,9,29.992,0.59535,987.5038461,400,1.1,-0.05,,
Bordeaux,2012,225,10,32.141,0.4397,683.9884615,400,1.1,-0.05,,
Bordeaux,2012,225,11,32.576,0.38575,812.3711539,400,1.1,-0.05,,
Bordeaux,2012,225,12,32.9085,0.34975,740.8076924,400,1.1,-0.05,,
Bordeaux,2012,225,13,32.8445,0.35155,862.7173077,400,1.1,-0.05,,
Bordeaux,2012,225,14,33.1475,0.34835,900.8365385,400,1.1,-0.05,,
Bordeaux,2012,225,15,32.5815,0.3635,1035.692308,400,1.1,-0.05,,
Bordeaux,2012,225,16,33.038,0.339,1079.205769,400,1.1,-0.05,,
Bordeaux,2012,225,17,31.067,0.3709,584.375,400,1.1,-0.05,,
Bordeaux,2012,225,18,30.0635,0.3782,707.1218,400,1.1,-0.05,,
Bordeaux,2012,225,19,27.995,0.42185,225.2204985,400,1.1,-0.05,,
Bordeaux,2012,225,20,26.072,0.4837,39.12615385,400,1.1,-0.05,,
Bordeaux,2012,225,21,24.974,0.55325,4.2075,400,1.1,-0.05,,
Bordeaux,2012,225,22,24.0025,0.618,0.143846154,400,1.1,-0.05,,
Bordeaux,2012,225,23,23.466,0.6665,0,400,1.1,-0.05,,
Bordeaux,2012,226,0,22.889,0.70895,0.611346154,400,1.1,-0.05,,
Bordeaux,2012,226,1,22.5335,0.73885,0.251730769,400,1.1,-0.05,,
Bordeaux,2012,226,2,22.1815,0.7548,0.395576924,400,1.1,-0.05,,
Bordeaux,2012,226,3,21.7855,0.7612,0,400,1.1,-0.05,,
Bordeaux,2012,226,4,21.355,0.76085,0.611346154,400,1.1,-0.05,,
Bordeaux,2012,226,5,20.893,0.75715,0.143846154,400,1.1,-0.05,,
Bordeaux,2012,226,6,20.524,0.75585,1.4025,400,1.1,-0.05,,
Bordeaux,2012,226,7,21.094,0.75165,70.62846154,400,1.1,-0.05,,
Bordeaux,2012,226,8,24.6045,0.65275,365.0096154,400,1.1,-0.05,,
Bordeaux,2012,226,9,29.0045,0.5063,743.325,400,1.1,-0.05,,
Bordeaux,2012,226,10,32.835,0.43485,772.4538461,400,1.1,-0.05,,
Bordeaux,2012,226,11,32.655,0.3819,835.3865385,400,1.1,-0.05,,
Bordeaux,2012,226,12,33.3725,0.3688,850.4903846,400,1.1,-0.05,,
Bordeaux,2012,226,13,34.909,0.35765,1014.475,400,1.1,-0.05,,
Bordeaux,2012,226,14,34.8265,0.33025,836.4653846,400,1.1,-0.05,,
Bordeaux,2012,226,15,34.802,0.34375,988.5826924,400,1.1,-0.05,,
Bordeaux,2012,226,16,33.9925,0.32855,770.6557692,400,1.1,-0.05,,
Bordeaux,2012,226,17,33.369,0.35455,560.6403846,400,1.1,-0.05,,
Bordeaux,2012,226,18,31.303,0.37615,468.2192308,400,1.1,-0.05,,
Bordeaux,2012,226,19,29.58,0.4174,232.3475,400,1.1,-0.05,,
Bordeaux,2012,226,20,27.4585,0.47775,52.79153846,400,1.1,-0.05,,
Bordeaux,2012,226,21,26.0445,0.56585,4.746923077,400,1.1,-0.05,,
Bordeaux,2012,226,22,25.0505,0.6156,0.215769231,400,1.1,-0.05,,
Bordeaux,2012,226,23,24.43,0.6415,0,400,1.1,-0.05,,
Bordeaux,2012,227,0,24.14,0.6528,0.395576924,400,1.1,-0.05,,
Bordeaux,2012,227,1,23.8845,0.65515,0,400,1.1,-0.05,,
Bordeaux,2012,227,2,23.435,0.66215,0.215769231,400,1.1,-0.05,,
Bordeaux,2012,227,3,22.8395,0.68605,0.755192308,400,1.1,-0.05,,
Bordeaux,2012,227,4,22.387,0.70845,0.143846154,400,1.1,-0.05,,
Bordeaux,2012,227,5,22.235,0.7191,0.107884615,400,1.1,-0.05,,
Bordeaux,2012,227,6,22.111,0.713,1.510384615,400,1.1,-0.05,,
Bordeaux,2012,227,7,22.2775,0.71015,36.82461539,400,1.1,-0.05,,
Bordeaux,2012,227,8,25.6795,0.5763,395.5769231,400,1.1,-0.05,,
Bordeaux,2012,227,9,29.2145,0.46055,821.3615385,400,1.1,-0.05,,
Bordeaux,2012,227,10,32.4125,0.4037,724.2653846,400,1.1,-0.05,,
Bordeaux,2012,227,11,36.3275,0.33965,913.7826924,400,1.1,-0.05,,
Bordeaux,2012,227,12,37.929,0.3105,1008.361538,400,1.1,-0.05,,
Bordeaux,2012,227,13,37.5645,0.28175,985.3461539,400,1.1,-0.05,,
Bordeaux,2012,227,14,38.0245,0.2802,975.2769231,400,1.1,-0.05,,
Bordeaux,2012,227,15,38.2295,0.27055,1142.857692,400,1.1,-0.05,,
Bordeaux,2012,227,16,37.1935,0.2763,1091.792308,400,1.1,-0.05,,
Bordeaux,2012,227,17,36.301,0.3038,638.6769231,400,1.1,-0.05,,
Bordeaux,2012,227,18,34.728,0.30615,639.7557692,400,1.1,-0.05,,
Bordeaux,2012,227,19,31.8985,0.3562,192.0328174,400,1.1,-0.05,,
Bordeaux,2012,227,20,28.8695,0.4488,37.43596154,400,1.1,-0.05,,
Bordeaux,2012,227,21,27.7945,0.5073,1.87,400,1.1,-0.05,,
Bordeaux,2012,227,22,27.0795,0.5448,0,400,1.1,-0.05,,
Bordeaux,2012,227,23,26.174,0.59475,0,400,1.1,-0.05,,
Bordeaux,2012,228,0,25.7495,0.62475,0.287692308,400,1.1,-0.05,,
Bordeaux,2012,228,1,25.3715,0.64215,0,400,1.1,-0.05,,
Bordeaux,2012,228,2,24.9575,0.63235,0.107884615,400,1.1,-0.05,,
Bordeaux,2012,228,3,24.5965,0.6106,0,400,1.1,-0.05,,
Bordeaux,2012,228,4,24.5065,0.5925,0,400,1.1,-0.05,,
Bordeaux,2012,228,5,24.1535,0.61565,0,400,1.1,-0.05,,
Bordeaux,2012,228,6,23.7625,0.6591,1.87,400,1.1,-0.05,,
Bordeaux,2012,228,7,23.8685,0.695,54.08615385,400,1.1,-0.05,,
Bordeaux,2012,228,8,25.461,0.6617,174.9888461,400,1.1,-0.05,,
Bordeaux,2012,228,9,26.475,0.57225,193.2213461,400,1.1,-0.05,,
Bordeaux,2012,228,10,28.8395,0.4219,583.6557692,400,1.1,-0.05,,
Bordeaux,2012,228,11,29.9375,0.3727,571.7884615,400,1.1,-0.05,,
Bordeaux,2012,228,12,28.368,0.45115,269.5676924,400,1.1,-0.05,,
Bordeaux,2012,228,13,27.4415,0.5128,264.1375,400,1.1,-0.05,,
Bordeaux,2012,228,14,27.5385,0.4928,246.7321154,400,1.1,-0.05,,
Bordeaux,2012,228,15,27.483,0.5133,205.4482692,400,1.1,-0.05,,
Bordeaux,2012,228,16,28.586,0.4379,507.0576924,400,1.1,-0.05,,
Bordeaux,2012,228,17,31.316,0.33715,725.7038461,400,1.1,-0.05,,
Bordeaux,2012,228,18,30.0025,0.31245,597.9663039,400,1.1,-0.05,,
Bordeaux,2012,228,19,27.7165,0.31125,211.5976924,400,1.1,-0.05,,
Bordeaux,2012,228,20,25.7535,0.388,77.67692308,400,1.1,-0.05,,
Bordeaux,2012,228,21,24.5225,0.47945,4.099615385,400,1.1,-0.05,,
Bordeaux,2012,228,22,23.409,0.53405,0,400,1.1,-0.05,,
Bordeaux,2012,228,23,22.6595,0.6019,0,400,1.1,-0.05,,
Bordeaux,2012,229,0,22.0625,0.6623,0.4675,400,1.1,-0.05,,
Bordeaux,2012,229,1,21.5505,0.69965,0.215769231,400,1.1,-0.05,,
Bordeaux,2012,229,2,21.078,0.72165,0.251730769,400,1.1,-0.05,,
Bordeaux,2012,229,3,20.6735,0.73605,0,400,1.1,-0.05,,
Bordeaux,2012,229,4,20.618,0.75435,0,400,1.1,-0.05,,
Bordeaux,2012,229,5,20.6135,0.76515,0.035961539,400,1.1,-0.05,,
Bordeaux,2012,229,6,20.64,0.77925,0.647307692,400,1.1,-0.05,,
Bordeaux,2012,229,7,20.9325,0.7784,40.27692308,400,1.1,-0.05,,
Bordeaux,2012,229,8,23.301,0.6928,242.3807692,400,1.1,-0.05,,
Bordeaux,2012,229,9,27.992,0.54065,864.5153846,400,1.1,-0.05,,
Bordeaux,2012,229,10,30.451,0.46545,640.1153846,400,1.1,-0.05,,
Bordeaux,2012,229,11,31.006,0.37965,797.2673077,400,1.1,-0.05,,
Bordeaux,2012,229,12,32.377,0.3162,933.9211539,400,1.1,-0.05,,
Bordeaux,2012,229,13,34.054,0.27565,943.2711539,400,1.1,-0.05,,
Bordeaux,2012,229,14,35.09,0.25855,956.2173077,400,1.1,-0.05,,
Bordeaux,2012,229,15,35.244,0.2553,1052.594231,400,1.1,-0.05,,
Bordeaux,2012,229,16,35.6215,0.2556,959.4538461,400,1.1,-0.05,,
Bordeaux,2012,229,17,35.4245,0.2634,691.1807692,400,1.1,-0.05,,
Bordeaux,2012,229,18,33.5955,0.2698,605.3168424,400,1.1,-0.05,,
Bordeaux,2012,229,19,31.1415,0.32095,185.3457692,400,1.1,-0.05,,
Bordeaux,2012,229,20,28.169,0.40055,36.89653846,400,1.1,-0.05,,
Bordeaux,2012,229,21,26.545,0.4977,3.380384615,400,1.1,-0.05,,
Bordeaux,2012,229,22,25.7925,0.49675,7.64456,400,1.1,-0.05,,
Bordeaux,2012,229,23,25.3955,0.47595,7.718065385,400,1.1,-0.05,,
Bordeaux,2012,230,0,24.9455,0.46375,3.050473461,400,1.1,-0.05,,
Bordeaux,2012,230,1,24.28,0.50905,2.278666924,400,1.1,-0.05,,
Bordeaux,2012,230,2,23.6295,0.5587,2.168408846,400,1.1,-0.05,,
Bordeaux,2012,230,3,22.9595,0.6026,1.029075385,400,1.1,-0.05,,
Bordeaux,2012,230,4,22.467,0.6353,0.661548461,400,1.1,-0.05,,
Bordeaux,2012,230,5,22.05,0.66015,0.367526924,400,1.1,-0.05,,
Bordeaux,2012,230,6,21.8215,0.6723,2.481346154,400,1.1,-0.05,,
Bordeaux,2012,230,7,22.261,0.64305,48.40423077,400,1.1,-0.05,,
Bordeaux,2012,230,8,25.3115,0.5219,347.7480769,400,1.1,-0.05,,
Bordeaux,2012,230,9,30.069,0.4217,1087.476923,400,1.1,-0.05,,
Bordeaux,2012,230,10,34.7715,0.3529,685.4269231,400,1.1,-0.05,,
Bordeaux,2012,230,11,34.932,0.3004,789.3557692,400,1.1,-0.05,,
Bordeaux,2012,230,12,36.9625,0.2558,857.6826924,400,1.1,-0.05,,
Bordeaux,2012,230,13,38.517,0.23405,896.8807692,400,1.1,-0.05,,
Bordeaux,2012,230,14,39.9695,0.21575,962.3307692,400,1.1,-0.05,,
Bordeaux,2012,230,15,41.248,0.186,1051.875,400,1.1,-0.05,,
Bordeaux,2012,230,16,41.0605,0.19595,974.1980769,400,1.1,-0.05,,
Bordeaux,2012,230,17,40.3835,0.20535,635.8,400,1.1,-0.05,,
Bordeaux,2012,230,18,38.6835,0.22325,677.3521192,400,1.1,-0.05,,
Bordeaux,2012,230,19,36.284,0.2695,184.2044939,400,1.1,-0.05,,
Bordeaux,2012,230,20,32.5385,0.3641,45.16769231,400,1.1,-0.05,,
Bordeaux,2012,230,21,29.524,0.45395,2.589230769,400,1.1,-0.05,,
Bordeaux,2012,230,22,28.544,0.4851,0,400,1.1,-0.05,,
Bordeaux,2012,230,23,28.2005,0.4894,0.287692308,400,1.1,-0.05,,
Bordeaux,2012,231,0,27.5445,0.5175,0,400,1.1,-0.05,,
Bordeaux,2012,231,1,26.8685,0.55515,0,400,1.1,-0.05,,
Bordeaux,2012,231,2,26.46,0.5597,0,400,1.1,-0.05,,
Bordeaux,2012,231,3,25.9995,0.5609,0.755192308,400,1.1,-0.05,,
Bordeaux,2012,231,4,25.514,0.5763,0,400,1.1,-0.05,,
Bordeaux,2012,231,5,25.035,0.5986,0,400,1.1,-0.05,,
Bordeaux,2012,231,6,24.6565,0.61445,1.330576924,400,1.1,-0.05,,
Bordeaux,2012,231,7,24.502,0.628,41.17596154,400,1.1,-0.05,,
Bordeaux,2012,231,8,26.5455,0.56055,281.9025,400,1.1,-0.05,,
Bordeaux,2012,231,9,31.2645,0.47235,866.3134615,400,1.1,-0.05,,
Bordeaux,2012,231,10,35.313,0.43795,675.7173077,400,1.1,-0.05,,
Bordeaux,2012,231,11,37.2455,0.36895,772.0942308,400,1.1,-0.05,,
Bordeaux,2012,231,12,40.06,0.2939,837.9038461,400,1.1,-0.05,,
Bordeaux,2012,231,13,41.7695,0.26805,892.925,400,1.1,-0.05,,
Bordeaux,2012,231,14,42.7115,0.23945,966.2865385,400,1.1,-0.05,,
Bordeaux,2012,231,15,42.4335,0.1954,995.775,400,1.1,-0.05,,
Bordeaux,2012,231,16,41.255,0.2023,904.7923077,400,1.1,-0.05,,
Bordeaux,2012,231,17,39.7705,0.22765,656.2980769,400,1.1,-0.05,,
Bordeaux,2012,231,18,37.623,0.2553,530.7923077,400,1.1,-0.05,,
Bordeaux,2012,231,19,34.562,0.29635,176.4273077,400,1.1,-0.05,,
Bordeaux,2012,231,20,31.12,0.355,47.43326924,400,1.1,-0.05,,
Bordeaux,2012,231,21,28.8885,0.4731,3.380384615,400,1.1,-0.05,,
Bordeaux,2012,231,22,28.9815,0.57885,0.503461539,400,1.1,-0.05,,
Bordeaux,2012,231,23,28.1905,0.6029,0.359615385,400,1.1,-0.05,,
Bordeaux,2012,232,0,27.4695,0.5783,0,400,1.1,-0.05,,
Bordeaux,2012,232,1,27.024,0.6249,0,400,1.1,-0.05,,
Bordeaux,2012,232,2,26.6145,0.64825,0.215769231,400,1.1,-0.05,,
Bordeaux,2012,232,3,26.2335,0.6688,0.294021539,400,1.1,-0.05,,
Bordeaux,2012,232,4,25.852,0.6771,0.143846154,400,1.1,-0.05,,
Bordeaux,2012,232,5,25.4535,0.67715,0.143846154,400,1.1,-0.05,,
Bordeaux,2012,232,6,24.9625,0.6743,1.330576924,400,1.1,-0.05,,
Bordeaux,2012,232,7,24.748,0.69675,36.64480769,400,1.1,-0.05,,
Bordeaux,2012,232,8,26.212,0.6648,248.71,400,1.1,-0.05,,
Bordeaux,2012,232,9,30.7465,0.54635,764.5423077,400,1.1,-0.05,,
Bordeaux,2012,232,10,34.384,0.4717,680.3923077,400,1.1,-0.05,,
Bordeaux,2012,232,11,35.2045,0.43165,704.1269231,400,1.1,-0.05,,
Bordeaux,2012,232,12,36.07,0.39085,660.6134615,400,1.1,-0.05,,
Bordeaux,2012,232,13,35.5745,0.4339,767.4192308,400,1.1,-0.05,,
Bordeaux,2012,232,14,36.4185,0.3851,703.4076924,400,1.1,-0.05,,
Bordeaux,2012,232,15,38.392,0.32915,908.7480769,400,1.1,-0.05,,
Bordeaux,2012,232,16,38.038,0.3225,813.45,400,1.1,-0.05,,
Bordeaux,2012,232,17,37.481,0.331,625.3711539,400,1.1,-0.05,,
Bordeaux,2012,232,18,35.529,0.40325,502.0230769,400,1.1,-0.05,,
Bordeaux,2012,232,19,32.1865,0.45455,168.8394231,400,1.1,-0.05,,
Bordeaux,2012,232,20,30.2295,0.51,35.35019231,400,1.1,-0.05,,
Bordeaux,2012,232,21,28.852,0.5675,2.157692308,400,1.1,-0.05,,
Bordeaux,2012,232,22,27.75,0.63025,0.107884615,400,1.1,-0.05,,
Bordeaux,2012,232,23,26.907,0.66965,0.107884615,400,1.1,-0.05,,
Bordeaux,2012,233,0,26.0145,0.70465,0,400,1.1,-0.05,,
Bordeaux,2012,233,1,25.439,0.72255,0.143846154,400,1.1,-0.05,,
Bordeaux,2012,233,2,24.968,0.71125,0.035961539,400,1.1,-0.05,,
Bordeaux,2012,233,3,24.6875,0.71975,0.287692308,400,1.1,-0.05,,
Bordeaux,2012,233,4,24.3625,0.7395,0,400,1.1,-0.05,,
Bordeaux,2012,233,5,23.9425,0.7567,0.4675,400,1.1,-0.05,,
Bordeaux,2012,233,6,23.409,0.7709,0.611346154,400,1.1,-0.05,,
Bordeaux,2012,233,7,23.3215,0.7696,36.57288461,400,1.1,-0.05,,
Bordeaux,2012,233,8,25.576,0.66905,247.4513461,400,1.1,-0.05,,
Bordeaux,2012,233,9,29.696,0.52275,565.675,400,1.1,-0.05,,
Bordeaux,2012,233,10,31.8205,0.47325,523.6,400,1.1,-0.05,,
Bordeaux,2012,233,11,32.3525,0.4393,649.4653846,400,1.1,-0.05,,
Bordeaux,2012,233,12,34.8905,0.40295,728.5807692,400,1.1,-0.05,,
Bordeaux,2012,233,13,35.116,0.405,682.1903846,400,1.1,-0.05,,
Bordeaux,2012,233,14,35.519,0.40955,758.7884615,400,1.1,-0.05,,
Bordeaux,2012,233,15,37.269,0.35065,872.7865385,400,1.1,-0.05,,
Bordeaux,2012,233,16,37.5915,0.32325,781.4442308,400,1.1,-0.05,,
Bordeaux,2012,233,17,37.1615,0.3357,617.1,400,1.1,-0.05,,
Bordeaux,2012,233,18,35.058,0.38785,457.0711539,400,1.1,-0.05,,
Bordeaux,2012,233,19,31.92,0.46305,135.7907692,400,1.1,-0.05,,
Bordeaux,2012,233,20,29.676,0.49705,43.54942308,400,1.1,-0.05,,
Bordeaux,2012,233,21,28.737,0.5375,1.834038461,400,1.1,-0.05,,
Bordeaux,2012,233,22,27.591,0.60155,0.287692308,400,1.1,-0.05,,
Bordeaux,2012,233,23,26.776,0.64315,0,400,1.1,-0.05,,
Bordeaux,2012,234,0,26.285,0.6714,0,400,1.1,-0.05,,
Bordeaux,2012,234,1,25.8625,0.6904,0.4675,400,1.1,-0.05,,
Bordeaux,2012,234,2,25.2195,0.7141,0.143846154,400,1.1,-0.05,,
Bordeaux,2012,234,3,24.71,0.7388,0,400,1.1,-0.05,,
Bordeaux,2012,234,4,24.4095,0.74575,0,400,1.1,-0.05,,
Bordeaux,2012,234,5,24.146,0.75265,0,400,1.1,-0.05,,
Bordeaux,2012,234,6,23.841,0.75365,0.287692308,400,1.1,-0.05,,
Bordeaux,2012,234,7,24.0085,0.76415,36.71673077,400,1.1,-0.05,,
Bordeaux,2012,234,8,25.8025,0.6991,200.3057692,400,1.1,-0.05,,
Bordeaux,2012,234,9,30.8415,0.56295,786.1192308,400,1.1,-0.05,,
Bordeaux,2012,234,10,34.456,0.491,644.7903846,400,1.1,-0.05,,
Bordeaux,2012,234,11,34.914,0.43395,709.8807692,400,1.1,-0.05,,
Bordeaux,2012,234,12,38.7885,0.34055,819.2038461,400,1.1,-0.05,,
Bordeaux,2012,234,13,40.4315,0.30415,862.3576924,400,1.1,-0.05,,
Bordeaux,2012,234,14,40.5155,0.3009,902.9942308,400,1.1,-0.05,,
Bordeaux,2012,234,15,39.663,0.3036,901.9153846,400,1.1,-0.05,,
Bordeaux,2012,234,16,39.2935,0.3009,811.2923077,400,1.1,-0.05,,
Bordeaux,2012,234,17,37.6175,0.3159,664.2096154,400,1.1,-0.05,,
Bordeaux,2012,234,18,34.4745,0.3605,568.5519231,400,1.1,-0.05,,
Bordeaux,2012,234,19,30.743,0.41695,153.1601924,400,1.1,-0.05,,
Bordeaux,2012,234,20,28.2075,0.4727,37.07634615,400,1.1,-0.05,,
Bordeaux,2012,234,21,26.92,0.496,3.128653846,400,1.1,-0.05,,
Bordeaux,2012,234,22,25.8945,0.51915,1.150769231,400,1.1,-0.05,,
Bordeaux,2012,234,23,25.2395,0.5451,0.143846154,400,1.1,-0.05,,
Bordeaux,2012,235,0,24.8095,0.57595,0.395576924,400,1.1,-0.05,,
Bordeaux,2012,235,1,24.3165,0.61375,0,400,1.1,-0.05,,
Bordeaux,2012,235,2,23.856,0.6425,0.503461539,400,1.1,-0.05,,
Bordeaux,2012,235,3,23.486,0.6552,0.287692308,400,1.1,-0.05,,
Bordeaux,2012,235,4,23.162,0.6591,0.215769231,400,1.1,-0.05,,
Bordeaux,2012,235,5,22.8,0.6774,0.035961539,400,1.1,-0.05,,
Bordeaux,2012,235,6,22.356,0.70365,0.143846154,400,1.1,-0.05,,
Bordeaux,2012,235,7,22.3525,0.7142,33.76788461,400,1.1,-0.05,,
Bordeaux,2012,235,8,25.353,0.58755,268.5248077,400,1.1,-0.05,,
Bordeaux,2012,235,9,29.0445,0.4634,961.9711539,400,1.1,-0.05,,
Bordeaux,2012,235,10,31.443,0.4382,624.6519231,400,1.1,-0.05,,
Bordeaux,2012,235,11,31.394,0.4185,705.925,400,1.1,-0.05,,
Bordeaux,2012,235,12,32.977,0.38115,816.6865385,400,1.1,-0.05,,
Bordeaux,2012,235,13,34.145,0.3413,879.2596154,400,1.1,-0.05,,
Bordeaux,2012,235,14,34.3615,0.3397,897.2403846,400,1.1,-0.05,,
Bordeaux,2012,235,15,34.1925,0.349,891.1269231,400,1.1,-0.05,,
Bordeaux,2012,235,16,33.942,0.35825,733.2557692,400,1.1,-0.05,,
Bordeaux,2012,235,17,33.4195,0.36285,660.6134615,400,1.1,-0.05,,
Bordeaux,2012,235,18,31.929,0.3672,465.3423077,400,1.1,-0.05,,
Bordeaux,2012,235,19,29.797,0.40065,153.2680769,400,1.1,-0.05,,
Bordeaux,2012,235,20,27.367,0.4276,37.79557692,400,1.1,-0.05,,
Bordeaux,2012,235,21,26.009,0.471,2.769038461,400,1.1,-0.05,,
Bordeaux,2012,235,22,25.797,0.4919,0,400,1.1,-0.05,,
Bordeaux,2012,235,23,25.5755,0.5003,0.143846154,400,1.1,-0.05,,
Bordeaux,2012,236,0,25.3295,0.44975,0,400,1.1,-0.05,,
Bordeaux,2012,236,1,24.877,0.4224,0,400,1.1,-0.05,,
Bordeaux,2012,236,2,24.553,0.4261,0,400,1.1,-0.05,,
Bordeaux,2012,236,3,24.147,0.4347,0,400,1.1,-0.05,,
Bordeaux,2012,236,4,23.7095,0.44885,0,400,1.1,-0.05,,
Bordeaux,2012,236,5,23.294,0.45975,0,400,1.1,-0.05,,
Bordeaux,2012,236,6,23.0215,0.4782,0,400,1.1,-0.05,,
Bordeaux,2012,236,7,22.9955,0.49215,31.35846154,400,1.1,-0.05,,
Bordeaux,2012,236,8,24.6105,0.47385,244.7542308,400,1.1,-0.05,,
Bordeaux,2012,236,9,27.399,0.4273,730.0192308,400,1.1,-0.05,,
Bordeaux,2012,236,10,30.1595,0.3972,558.8423077,400,1.1,-0.05,,
Bordeaux,2012,236,11,31.261,0.3743,754.1134615,400,1.1,-0.05,,
Bordeaux,2012,236,12,33.622,0.3283,803.3807692,400,1.1,-0.05,,
Bordeaux,2012,236,13,34.7595,0.3097,771.7346154,400,1.1,-0.05,,
Bordeaux,2012,236,14,35.1095,0.30475,809.1346154,400,1.1,-0.05,,
Bordeaux,2012,236,15,35.71,0.29425,909.4673077,400,1.1,-0.05,,
Bordeaux,2012,236,16,35.7195,0.2853,748.3596154,400,1.1,-0.05,,
Bordeaux,2012,236,17,34.812,0.30505,570.7096154,400,1.1,-0.05,,
Bordeaux,2012,236,18,31.0735,0.3974,347.7480769,400,1.1,-0.05,,
Bordeaux,2012,236,19,28.559,0.47985,154.6346154,400,1.1,-0.05,,
Bordeaux,2012,236,20,27.017,0.5252,33.44423077,400,1.1,-0.05,,
Bordeaux,2012,236,21,25.4475,0.57865,3.811923077,400,1.1,-0.05,,
Bordeaux,2012,236,22,25.0555,0.5746,2.3375,400,1.1,-0.05,,
Bordeaux,2012,236,23,24.781,0.60415,0.107884615,400,1.1,-0.05,,
Bordeaux,2012,237,0,24.4605,0.6364,0.036752692,400,1.1,-0.05,,
Bordeaux,2012,237,1,24.211,0.64555,0.647307692,400,1.1,-0.05,,
Bordeaux,2012,237,2,23.935,0.6447,0.647307692,400,1.1,-0.05,,
Bordeaux,2012,237,3,23.588,0.64795,1.726153846,400,1.1,-0.05,,
Bordeaux,2012,237,4,23.406,0.65795,1.366538461,400,1.1,-0.05,,
Bordeaux,2012,237,5,23.1565,0.6683,0.251730769,400,1.1,-0.05,,
Bordeaux,2012,237,6,22.945,0.67765,0.287692308,400,1.1,-0.05,,
Bordeaux,2012,237,7,22.8225,0.69225,17.72903846,400,1.1,-0.05,,
Bordeaux,2012,237,8,24.063,0.65265,103.2096154,400,1.1,-0.05,,
Bordeaux,2012,237,9,25.891,0.5691,345.5903846,400,1.1,-0.05,,
Bordeaux,2012,237,10,27.8,0.48795,411.7596154,400,1.1,-0.05,,
Bordeaux,2012,237,11,28.4225,0.4641,561.7192308,400,1.1,-0.05,,
Bordeaux,2012,237,12,28.0025,0.4423,447.3615385,400,1.1,-0.05,,
Bordeaux,2012,237,13,27.542,0.4352,439.45,400,1.1,-0.05,,
Bordeaux,2012,237,14,28.4525,0.4254,606.6711539,400,1.1,-0.05,,
Bordeaux,2012,237,15,28.372,0.4309,465.3423077,400,1.1,-0.05,,
Bordeaux,2012,237,16,28.377,0.46915,424.7057692,400,1.1,-0.05,,
Bordeaux,2012,237,17,28.8635,0.46125,567.4730769,400,1.1,-0.05,,
Bordeaux,2012,237,18,29.306,0.4229,446.2826924,400,1.1,-0.05,,
Bordeaux,2012,237,19,27.5025,0.4621,148.8088461,400,1.1,-0.05,,
Bordeaux,2012,237,20,26.127,0.47585,34.55903846,400,1.1,-0.05,,
Bordeaux,2012,237,21,25.435,0.5271,1.654230769,400,1.1,-0.05,,
Bordeaux,2012,237,22,24.745,0.57915,0.477785,400,1.1,-0.05,,
Bordeaux,2012,237,23,24.282,0.6185,0.147010769,400,1.1,-0.05,,
Bordeaux,2012,238,0,24.203,0.6339,0.110258077,400,1.1,-0.05,,
Bordeaux,2012,238,1,24.0285,0.6506,0.539423077,400,1.1,-0.05,,
Bordeaux,2012,238,2,23.7785,0.6811,0,400,1.1,-0.05,,
Bordeaux,2012,238,3,23.5635,0.6756,0.719230769,400,1.1,-0.05,,
Bordeaux,2012,238,4,23.597,0.6798,0.4675,400,1.1,-0.05,,
Bordeaux,2012,238,5,23.5245,0.67295,0.827115385,400,1.1,-0.05,,
Bordeaux,2012,238,6,23.159,0.7206,0,400,1.1,-0.05,,
Bordeaux,2012,238,7,23.0065,0.76355,9.206153846,400,1.1,-0.05,,
Bordeaux,2012,238,8,23.036,0.77525,52.50384615,400,1.1,-0.05,,
Bordeaux,2012,238,9,24.5635,0.7235,184.9501924,400,1.1,-0.05,,
Bordeaux,2012,238,10,27.0605,0.58145,423.6269231,400,1.1,-0.05,,
Bordeaux,2012,238,11,27.737,0.4871,443.7653846,400,1.1,-0.05,,
Bordeaux,2012,238,12,28.029,0.4602,463.5442308,400,1.1,-0.05,,
Bordeaux,2012,238,13,28.3795,0.4487,612.425,400,1.1,-0.05,,
Bordeaux,2012,238,14,30.3245,0.37635,778.2076924,400,1.1,-0.05,,
Bordeaux,2012,238,15,30.741,0.3285,695.4961539,400,1.1,-0.05,,
Bordeaux,2012,238,16,29.056,0.36985,578.2615385,400,1.1,-0.05,,
Bordeaux,2012,238,17,28.0775,0.3685,547.6942308,400,1.1,-0.05,,
Bordeaux,2012,238,18,26.633,0.42265,322.9346154,400,1.1,-0.05,,
Bordeaux,2012,238,19,25.7055,0.46305,152.1892308,400,1.1,-0.05,,
Bordeaux,2012,238,20,24.8,0.47355,33.12057692,400,1.1,-0.05,,
Bordeaux,2012,238,21,23.567,0.52495,1.941923077,400,1.1,-0.05,,
Bordeaux,2012,238,22,22.742,0.57875,0.035961539,400,1.1,-0.05,,
Bordeaux,2012,238,23,22.199,0.61905,0,400,1.1,-0.05,,
Bordeaux,2012,239,0,22.1155,0.62955,0.395576924,400,1.1,-0.05,,
Bordeaux,2012,239,1,21.7955,0.6387,0.611346154,400,1.1,-0.05,,
Bordeaux,2012,239,2,21.2235,0.66285,0.359615385,400,1.1,-0.05,,
Bordeaux,2012,239,3,20.6465,0.6926,0.4675,400,1.1,-0.05,,
Bordeaux,2012,239,4,20.217,0.7074,0,400,1.1,-0.05,,
Bordeaux,2012,239,5,20.0425,0.71645,0.107884615,400,1.1,-0.05,,
Bordeaux,2012,239,6,20.099,0.708,0.503461539,400,1.1,-0.05,,
Bordeaux,2012,239,7,19.9745,0.719,22.08038461,400,1.1,-0.05,,
Bordeaux,2012,239,8,21.651,0.66505,126.8003846,400,1.1,-0.05,,
Bordeaux,2012,239,9,24.3165,0.55625,302.7961539,400,1.1,-0.05,,
Bordeaux,2012,239,10,29.323,0.44325,562.4384615,400,1.1,-0.05,,
Bordeaux,2012,239,11,29.092,0.4119,703.4076924,400,1.1,-0.05,,
Bordeaux,2012,239,12,29.414,0.3685,664.2096154,400,1.1,-0.05,,
Bordeaux,2012,239,13,29.7125,0.35325,572.5076924,400,1.1,-0.05,,
Bordeaux,2012,239,14,29.443,0.3681,722.8269231,400,1.1,-0.05,,
Bordeaux,2012,239,15,32.3405,0.2907,752.3153846,400,1.1,-0.05,,
Bordeaux,2012,239,16,29.084,0.36515,474.6923077,400,1.1,-0.05,,
Bordeaux,2012,239,17,28.6875,0.35975,591.2076924,400,1.1,-0.05,,
Bordeaux,2012,239,18,29.1835,0.3729,572.5076924,400,1.1,-0.05,,
Bordeaux,2012,239,19,26.714,0.39995,153.5557692,400,1.1,-0.05,,
Bordeaux,2012,239,20,25.0385,0.4465,30.53134615,400,1.1,-0.05,,
Bordeaux,2012,239,21,24.102,0.48625,1.654230769,400,1.1,-0.05,,
Bordeaux,2012,239,22,23.512,0.53895,1.366538461,400,1.1,-0.05,,
Bordeaux,2012,239,23,22.896,0.593,0,400,1.1,-0.05,,
Bordeaux,2012,240,0,22.367,0.62735,0,400,1.1,-0.05,,
Bordeaux,2012,240,1,21.892,0.64375,0,400,1.1,-0.05,,
Bordeaux,2012,240,2,21.4185,0.6574,0,400,1.1,-0.05,,
Bordeaux,2012,240,3,21.0035,0.66625,0.143846154,400,1.1,-0.05,,
Bordeaux,2012,240,4,20.599,0.6746,0,400,1.1,-0.05,,
Bordeaux,2012,240,5,20.198,0.68155,0,400,1.1,-0.05,,
Bordeaux,2012,240,6,19.7665,0.6825,0,400,1.1,-0.05,,
Bordeaux,2012,240,7,19.5795,0.6864,30.855,400,1.1,-0.05,,
Bordeaux,2012,240,8,22.5525,0.5567,244.3586539,400,1.1,-0.05,,
Bordeaux,2012,240,9,26.6545,0.4521,1086.398077,400,1.1,-0.05,,
Bordeaux,2012,240,10,30.803,0.3807,522.8807692,400,1.1,-0.05,,
Bordeaux,2012,240,11,31.023,0.30035,633.2826924,400,1.1,-0.05,,
Bordeaux,2012,240,12,32.072,0.3056,749.4384615,400,1.1,-0.05,,
Bordeaux,2012,240,13,33.1735,0.2873,794.0307692,400,1.1,-0.05,,
Bordeaux,2012,240,14,33.9685,0.26245,765.6211539,400,1.1,-0.05,,
Bordeaux,2012,240,15,35.513,0.2477,848.6923077,400,1.1,-0.05,,
Bordeaux,2012,240,16,35.017,0.2394,652.7019231,400,1.1,-0.05,,
Bordeaux,2012,240,17,33.452,0.28095,367.8865385,400,1.1,-0.05,,
Bordeaux,2012,240,18,30.553,0.30645,266.4030769,400,1.1,-0.05,,
Bordeaux,2012,240,19,28.2355,0.3835,136.8336539,400,1.1,-0.05,,
Bordeaux,2012,240,20,26.5925,0.4435,34.37923077,400,1.1,-0.05,,
Bordeaux,2012,240,21,25.0855,0.4611,0,400,1.1,-0.05,,
Bordeaux,2012,240,22,24.5445,0.48165,0,400,1.1,-0.05,,
Bordeaux,2012,240,23,24.1515,0.5712,0,400,1.1,-0.05,,
Bordeaux,2012,241,0,23.727,0.67935,0,400,1.1,-0.05,,
Bordeaux,2012,241,1,23.696,0.72235,0,400,1.1,-0.05,,
Bordeaux,2012,241,2,23.6335,0.74195,0,400,1.1,-0.05,,
Bordeaux,2012,241,3,23.3135,0.7696,0.107884615,400,1.1,-0.05,,
Bordeaux,2012,241,4,23.014,0.79425,0,400,1.1,-0.05,,
Bordeaux,2012,241,5,22.774,0.80305,0,400,1.1,-0.05,,
Bordeaux,2012,241,6,22.457,0.8052,0,400,1.1,-0.05,,
Bordeaux,2012,241,7,22.3015,0.80435,11.43576924,400,1.1,-0.05,,
Bordeaux,2012,241,8,23.805,0.76925,161.2155769,400,1.1,-0.05,,
Bordeaux,2012,241,9,26.107,0.6699,232.9228846,400,1.1,-0.05,,
Bordeaux,2012,241,10,27.218,0.57535,352.0634615,400,1.1,-0.05,,
Bordeaux,2012,241,11,29.175,0.50315,496.9884615,400,1.1,-0.05,,
Bordeaux,2012,241,12,30.4345,0.47015,624.2923077,400,1.1,-0.05,,
Bordeaux,2012,241,13,29.5685,0.47835,408.8826924,400,1.1,-0.05,,
Bordeaux,2012,241,14,29.8035,0.4691,647.3076924,400,1.1,-0.05,,
Bordeaux,2012,241,15,30.687,0.444,455.2730769,400,1.1,-0.05,,
Bordeaux,2012,241,16,29.0905,0.4758,408.1634615,400,1.1,-0.05,,
Bordeaux,2012,241,17,29.3365,0.46715,529.7134615,400,1.1,-0.05,,
Bordeaux,2012,241,18,28.995,0.44265,324.3730769,400,1.1,-0.05,,
Bordeaux,2012,241,19,27.716,0.48425,164.56,400,1.1,-0.05,,
Bordeaux,2012,241,20,26.5745,0.5134,40.13307692,400,1.1,-0.05,,
Bordeaux,2012,241,21,25.5975,0.5663,1.510384615,400,1.1,-0.05,,
Bordeaux,2012,241,22,24.681,0.6028,1.762115385,400,1.1,-0.05,,
Bordeaux,2012,241,23,24.017,0.6295,0.215769231,400,1.1,-0.05,,
Bordeaux,2012,242,0,23.557,0.64545,0.035961539,400,1.1,-0.05,,
Bordeaux,2012,242,1,23.189,0.6619,0.035961539,400,1.1,-0.05,,
Bordeaux,2012,242,2,22.9745,0.6704,0,400,1.1,-0.05,,
Bordeaux,2012,242,3,22.636,0.68075,0,400,1.1,-0.05,,
Bordeaux,2012,242,4,22.494,0.6941,0.287692308,400,1.1,-0.05,,
Bordeaux,2012,242,5,22.213,0.7103,0.107884615,400,1.1,-0.05,,
Bordeaux,2012,242,6,22.2635,0.7115,0.539423077,400,1.1,-0.05,,
Bordeaux,2012,242,7,22.5565,0.6929,16.14673077,400,1.1,-0.05,,
Bordeaux,2012,242,8,23.0485,0.67735,64.47903846,400,1.1,-0.05,,
Bordeaux,2012,242,9,24.202,0.65265,138.0563461,400,1.1,-0.05,,
Bordeaux,2012,242,10,26.097,0.54385,289.4903846,400,1.1,-0.05,,
Bordeaux,2012,242,11,26.041,0.47445,198.9392308,400,1.1,-0.05,,
Bordeaux,2012,242,12,26.6335,0.4761,299.9192308,400,1.1,-0.05,,
Bordeaux,2012,242,13,28.036,0.4472,633.2826924,400,1.1,-0.05,,
Bordeaux,2012,242,14,29.2955,0.4188,557.0442308,400,1.1,-0.05,,
Bordeaux,2012,242,15,28.492,0.44815,376.1576924,400,1.1,-0.05,,
Bordeaux,2012,242,16,28.909,0.47585,353.8615385,400,1.1,-0.05,,
Bordeaux,2012,242,17,27.819,0.46055,283.7365385,400,1.1,-0.05,,
Bordeaux,2012,242,18,26.671,0.4482,216.7761539,400,1.1,-0.05,,
Bordeaux,2012,242,19,25.7765,0.4859,40.31288461,400,1.1,-0.05,,
Bordeaux,2012,242,20,24.694,0.54115,12.91019231,400,1.1,-0.05,,
Bordeaux,2012,242,21,23.9645,0.58965,2.3375,400,1.1,-0.05,,
Bordeaux,2012,242,22,23.2505,0.63055,1.834038461,400,1.1,-0.05,,
Bordeaux,2012,242,23,22.4435,0.6839,0.863076924,400,1.1,-0.05,,
Bordeaux,2012,243,0,21.925,0.726,0.287692308,400,1.1,-0.05,,
Bordeaux,2012,243,1,21.4185,0.7423,0.107884615,400,1.1,-0.05,,
Bordeaux,2012,243,2,20.9735,0.74755,0.035961539,400,1.1,-0.05,,
Bordeaux,2012,243,3,20.6415,0.7535,0.035961539,400,1.1,-0.05,,
Bordeaux,2012,243,4,20.7505,0.77265,0.287692308,400,1.1,-0.05,,
Bordeaux,2012,243,5,21.1195,0.7863,1.114807692,400,1.1,-0.05,,
Bordeaux,2012,243,6,21.04,0.7924,0.719230769,400,1.1,-0.05,,
Bordeaux,2012,243,7,21.0085,0.79705,30.99884615,400,1.1,-0.05,,
Bordeaux,2012,243,8,23.337,0.72465,181.1023077,400,1.1,-0.05,,
Bordeaux,2012,243,9,26.11,0.5549,427.5826924,400,1.1,-0.05,,
Bordeaux,2012,243,10,27.766,0.4623,496.2692308,400,1.1,-0.05,,
Bordeaux,2012,243,11,27.9045,0.4004,469.2980769,400,1.1,-0.05,,
Bordeaux,2012,243,12,28.7005,0.34295,602.3557692,400,1.1,-0.05,,
Bordeaux,2012,243,13,26.5255,0.41375,394.3563885,400,1.1,-0.05,,
Bordeaux,2012,243,14,29.3815,0.37455,664.8562039,400,1.1,-0.05,,
Bordeaux,2012,243,15,30.329,0.3228,617.8127577,400,1.1,-0.05,,
Bordeaux,2012,243,16,30.733,0.294,560.1110308,400,1.1,-0.05,,
Bordeaux,2012,243,17,29.9555,0.3011,421.5533808,400,1.1,-0.05,,
Bordeaux,2012,243,18,27.172,0.32545,292.2941619,400,1.1,-0.05,,
Bordeaux,2012,243,19,25.033,0.4438,120.6958415,400,1.1,-0.05,,
Bordeaux,2012,243,20,23.99,0.48705,16.24469,400,1.1,-0.05,,
Bordeaux,2012,243,21,22.913,0.54595,0,400,1.1,-0.05,,
Bordeaux,2012,243,22,21.9475,0.61835,0,400,1.1,-0.05,,
Bordeaux,2012,243,23,21.2095,0.6787,0,400,1.1,-0.05,,
Bordeaux,2012,244,0,20.5845,0.71205,0,400,1.1,-0.05,,
Bordeaux,2012,244,1,20.159,0.72515,0,400,1.1,-0.05,,
Bordeaux,2012,244,2,19.851,0.73535,0,400,1.1,-0.05,,
Bordeaux,2012,244,3,19.535,0.74265,0,400,1.1,-0.05,,
Bordeaux,2012,244,4,19.362,0.7496,0,400,1.1,-0.05,,
Bordeaux,2012,244,5,19.148,0.7528,0,400,1.1,-0.05,,
Bordeaux,2012,244,6,18.9625,0.75575,0,400,1.1,-0.05,,
Bordeaux,2012,244,7,18.95,0.75875,18.95173077,400,1.1,-0.05,,
Bordeaux,2012,244,8,20.7615,0.72325,159.9928846,400,1.1,-0.05,,
Bordeaux,2012,244,9,26.153,0.52845,1032.815385,400,1.1,-0.05,,
Bordeaux,2012,244,10,27.057,0.43585,467.1267192,400,1.1,-0.05,,
Bordeaux,2012,244,11,26.538,0.3623,491.3834961,400,1.1,-0.05,,
Bordeaux,2012,244,12,28.7665,0.29535,674.7794308,400,1.1,-0.05,,
Bordeaux,2012,244,13,31.076,0.2659,739.8316961,400,1.1,-0.05,,
Bordeaux,2012,244,14,30.7835,0.26235,647.9499654,400,1.1,-0.05,,
Bordeaux,2012,244,15,31.272,0.2403,571.8718924,400,1.1,-0.05,,
Bordeaux,2012,244,16,30.59,0.2518,537.3243615,400,1.1,-0.05,,
Bordeaux,2012,244,17,29.621,0.24895,443.2374692,400,1.1,-0.05,,
Bordeaux,2012,244,18,27.5735,0.2655,277.5195796,400,1.1,-0.05,,
Bordeaux,2012,244,19,24.635,0.34815,124.3711108,400,1.1,-0.05,,
Bordeaux,2012,244,20,23.0125,0.47105,11.65060346,400,1.1,-0.05,,
Bordeaux,2012,244,21,22.391,0.51165,0,400,1.1,-0.05,,
Bordeaux,2012,244,22,21.499,0.5626,0,400,1.1,-0.05,,
Bordeaux,2012,244,23,20.742,0.6088,0,400,1.1,-0.05,,
Bordeaux,2012,245,0,20.073,0.6449,0,400,1.1,-0.05,,
Bordeaux,2012,245,1,19.495,0.6691,0,400,1.1,-0.05,,
Bordeaux,2012,245,2,18.863,0.683,0,400,1.1,-0.05,,
Bordeaux,2012,245,3,18.7365,0.6925,0,400,1.1,-0.05,,
Bordeaux,2012,245,4,18.6305,0.681,0,400,1.1,-0.05,,
Bordeaux,2012,245,5,18.4315,0.67625,0,400,1.1,-0.05,,
Bordeaux,2012,245,6,18.2275,0.6705,0,400,1.1,-0.05,,
Bordeaux,2012,245,7,17.6775,0.67845,13.62942308,400,1.1,-0.05,,
Bordeaux,2012,245,8,19.9135,0.59985,144.6373077,400,1.1,-0.05,,
Bordeaux,2012,245,9,24.779,0.4647,827.475,400,1.1,-0.05,,
Bordeaux,2012,245,10,27.72,0.411,486.2381192,400,1.1,-0.05,,
Bordeaux,2012,245,11,28.3335,0.30855,572.6069461,400,1.1,-0.05,,
Bordeaux,2012,245,12,29.6275,0.26695,655.3005039,400,1.1,-0.05,,
Bordeaux,2012,245,13,30.617,0.24905,691.3181424,400,1.1,-0.05,,
Bordeaux,2012,245,14,30.584,0.25305,657.5056654,400,1.1,-0.05,,
Bordeaux,2012,245,15,30.7105,0.23645,587.67555,400,1.1,-0.05,,
Bordeaux,2012,245,16,29.961,0.22715,477.785,400,1.1,-0.05,,
Bordeaux,2012,245,17,28.746,0.2297,420.0832731,400,1.1,-0.05,,
Bordeaux,2012,245,18,26.567,0.263,277.1520527,400,1.1,-0.05,,
Bordeaux,2012,245,19,23.7375,0.393,103.2750654,400,1.1,-0.05,,
Bordeaux,2012,245,20,23.0255,0.481,16.83273308,400,1.1,-0.05,,
Bordeaux,2012,245,21,22.2865,0.50755,0,400,1.1,-0.05,,
Bordeaux,2012,245,22,21.479,0.56045,0.215769231,400,1.1,-0.05,,
Bordeaux,2012,245,23,20.78,0.59845,0.143846154,400,1.1,-0.05,,
Bordeaux,2012,246,0,20.2705,0.6246,0,400,1.1,-0.05,,
Bordeaux,2012,246,1,19.868,0.65,0.035961539,400,1.1,-0.05,,
Bordeaux,2012,246,2,19.4535,0.66455,0,400,1.1,-0.05,,
Bordeaux,2012,246,3,19.1155,0.66965,0,400,1.1,-0.05,,
Bordeaux,2012,246,4,18.7365,0.6734,0,400,1.1,-0.05,,
Bordeaux,2012,246,5,18.352,0.67255,0,400,1.1,-0.05,,
Bordeaux,2012,246,6,17.9835,0.66915,0,400,1.1,-0.05,,
Bordeaux,2012,246,7,17.851,0.67265,19.73619577,400,1.1,-0.05,,
Bordeaux,2012,246,8,20.9135,0.598,190.3789461,400,1.1,-0.05,,
Bordeaux,2012,246,9,26.3385,0.46035,1084.240385,400,1.1,-0.05,,
Bordeaux,2012,246,10,30.3585,0.42535,525.5635,400,1.1,-0.05,,
Bordeaux,2012,246,11,30.4795,0.32595,569.6667308,400,1.1,-0.05,,
Bordeaux,2012,246,12,31.435,0.27065,661.1809346,400,1.1,-0.05,,
Bordeaux,2012,246,13,32.553,0.25015,690.9506154,400,1.1,-0.05,,
Bordeaux,2012,246,14,33.022,0.25095,683.6000769,400,1.1,-0.05,,
Bordeaux,2012,246,15,33.777,0.2368,656.4030846,400,1.1,-0.05,,
Bordeaux,2012,246,16,32.171,0.30765,506.0845731,400,1.1,-0.05,,
Bordeaux,2012,246,17,27.672,0.37425,286.3402258,400,1.1,-0.05,,
Bordeaux,2012,246,18,25.818,0.44455,178.0667942,400,1.1,-0.05,,
Bordeaux,2012,246,19,25.0145,0.49165,57.73847961,400,1.1,-0.05,,
Bordeaux,2012,246,20,24.2575,0.5261,14.29679731,400,1.1,-0.05,,
Bordeaux,2012,246,21,23.2235,0.5816,0,400,1.1,-0.05,,
Bordeaux,2012,246,22,22.577,0.6253,0,400,1.1,-0.05,,
Bordeaux,2012,246,23,22.036,0.6637,0,400,1.1,-0.05,,
Bordeaux,2012,247,0,21.657,0.6921,0,400,1.1,-0.05,,
Bordeaux,2012,247,1,21.424,0.71355,0,400,1.1,-0.05,,
Bordeaux,2012,247,2,20.9655,0.73385,0,400,1.1,-0.05,,
Bordeaux,2012,247,3,21.141,0.73815,0,400,1.1,-0.05,,
Bordeaux,2012,247,4,20.7625,0.7429,0,400,1.1,-0.05,,
Bordeaux,2012,247,5,20.1235,0.7555,0,400,1.1,-0.05,,
Bordeaux,2012,247,6,19.657,0.75535,0,400,1.1,-0.05,,
Bordeaux,2012,247,7,19.581,0.7645,18.52335692,400,1.1,-0.05,,
Bordeaux,2012,247,8,22.2605,0.6756,171.5615677,400,1.1,-0.05,,
Bordeaux,2012,247,9,27.346,0.5088,876.1841846,400,1.1,-0.05,,
Bordeaux,2012,247,10,31.236,0.42075,492.11855,400,1.1,-0.05,,
Bordeaux,2012,247,11,31.629,0.34245,576.2822154,400,1.1,-0.05,,
Bordeaux,2012,247,12,31.187,0.33815,571.1368385,400,1.1,-0.05,,
Bordeaux,2012,247,13,31.706,0.3278,641.3344808,400,1.1,-0.05,,
Bordeaux,2012,247,14,33.0345,0.2905,681.0273885,400,1.1,-0.05,,
Bordeaux,2012,247,15,33.4845,0.2624,604.5817885,400,1.1,-0.05,,
Bordeaux,2012,247,16,32.723,0.26725,469.3318808,400,1.1,-0.05,,
Bordeaux,2012,247,17,31.418,0.28635,355.3985346,400,1.1,-0.05,,
Bordeaux,2012,247,18,28.8105,0.3408,234.592435,400,1.1,-0.05,,
Bordeaux,2012,247,19,26.0515,0.42815,92.13899961,400,1.1,-0.05,,
Bordeaux,2012,247,20,25.171,0.50085,11.54034539,400,1.1,-0.05,,
Bordeaux,2012,247,21,24.248,0.55685,0,400,1.1,-0.05,,
Bordeaux,2012,247,22,23.216,0.6113,0,400,1.1,-0.05,,
Bordeaux,2012,247,23,22.5505,0.6565,0,400,1.1,-0.05,,
Bordeaux,2012,248,0,22.046,0.69325,0,400,1.1,-0.05,,
Bordeaux,2012,248,1,21.6275,0.7193,0,400,1.1,-0.05,,
Bordeaux,2012,248,2,21.227,0.7397,0,400,1.1,-0.05,,
Bordeaux,2012,248,3,20.938,0.74675,0,400,1.1,-0.05,,
Bordeaux,2012,248,4,20.537,0.75115,0,400,1.1,-0.05,,
Bordeaux,2012,248,5,20.184,0.7511,0,400,1.1,-0.05,,
Bordeaux,2012,248,6,20.003,0.76365,0,400,1.1,-0.05,,
Bordeaux,2012,248,7,20.4015,0.777,15.95066846,400,1.1,-0.05,,
Bordeaux,2012,248,8,22.791,0.6735,177.4052458,400,1.1,-0.05,,
Bordeaux,2012,248,9,27.27,0.51115,688.0104,400,1.1,-0.05,,
Bordeaux,2012,248,10,29.9625,0.46445,486.6056461,400,1.1,-0.05,,
Bordeaux,2012,248,11,30.851,0.4024,596.4961961,400,1.1,-0.05,,
Bordeaux,2012,248,12,31.3445,0.37775,632.8813615,400,1.1,-0.05,,
Bordeaux,2012,248,13,33.34,0.33985,701.6088961,400,1.1,-0.05,,
Bordeaux,2012,248,14,33.5835,0.3114,691.3181424,400,1.1,-0.05,,
Bordeaux,2012,248,15,33.3165,0.3019,582.8977,400,1.1,-0.05,,
Bordeaux,2012,248,16,30.932,0.3583,460.1437077,400,1.1,-0.05,,
Bordeaux,2012,248,17,29.838,0.36275,379.2877846,400,1.1,-0.05,,
Bordeaux,2012,248,18,27.7925,0.4043,206.6971415,400,1.1,-0.05,,
Bordeaux,2012,248,19,26.055,0.452,86.07480539,400,1.1,-0.05,,
Bordeaux,2012,248,20,25.409,0.50565,9.261678461,400,1.1,-0.05,,
Bordeaux,2012,248,21,24.248,0.56965,0,400,1.1,-0.05,,
Bordeaux,2012,248,22,23.657,0.61985,0,400,1.1,-0.05,,
Bordeaux,2012,248,23,23.076,0.65695,0,400,1.1,-0.05,,
Bordeaux,2012,249,0,22.628,0.68715,0,400,1.1,-0.05,,
Bordeaux,2012,249,1,22.268,0.7137,0,400,1.1,-0.05,,
Bordeaux,2012,249,2,21.956,0.7284,0,400,1.1,-0.05,,
Bordeaux,2012,249,3,21.725,0.73015,0,400,1.1,-0.05,,
Bordeaux,2012,249,4,21.5165,0.72385,0.035961539,400,1.1,-0.05,,
Bordeaux,2012,249,5,21.2,0.73285,0,400,1.1,-0.05,,
Bordeaux,2012,249,6,20.858,0.74845,0,400,1.1,-0.05,,
Bordeaux,2012,249,7,20.7305,0.7517,16.50195885,400,1.1,-0.05,,
Bordeaux,2012,249,8,22.26,0.69645,93.27833308,400,1.1,-0.05,,
Bordeaux,2012,249,9,25.7715,0.5522,566.7265154,400,1.1,-0.05,,
Bordeaux,2012,249,10,30.0375,0.4522,500.2041424,400,1.1,-0.05,,
Bordeaux,2012,249,11,30.855,0.3999,581.0600654,400,1.1,-0.05,,
Bordeaux,2012,249,12,33.3425,0.31235,685.8052385,400,1.1,-0.05,,
Bordeaux,2012,249,13,34.389,0.29285,703.0790039,400,1.1,-0.05,,
Bordeaux,2012,249,14,34.5525,0.28165,662.6510424,400,1.1,-0.05,,
Bordeaux,2012,249,15,33.798,0.2897,553.1280192,400,1.1,-0.05,,
Bordeaux,2012,249,16,34.4955,0.28045,583.2652269,400,1.1,-0.05,,
Bordeaux,2012,249,17,32.4955,0.31335,400.9718731,400,1.1,-0.05,,
Bordeaux,2012,249,18,29.96,0.34145,243.0823069,400,1.1,-0.05,,
Bordeaux,2012,249,19,27.3495,0.4158,113.3820558,400,1.1,-0.05,,
Bordeaux,2012,249,20,25.48,0.46195,10.62152808,400,1.1,-0.05,,
Bordeaux,2012,249,21,25.1985,0.5021,0.036752692,400,1.1,-0.05,,
Bordeaux,2012,249,22,24.3685,0.5665,0.036752692,400,1.1,-0.05,,
Bordeaux,2012,249,23,23.791,0.6153,0.110258077,400,1.1,-0.05,,
Bordeaux,2012,250,0,23.253,0.6361,0,400,1.1,-0.05,,
Bordeaux,2012,250,1,22.903,0.6449,0,400,1.1,-0.05,,
Bordeaux,2012,250,2,22.6585,0.65475,0.143846154,400,1.1,-0.05,,
Bordeaux,2012,250,3,22.2605,0.6603,0.215769231,400,1.1,-0.05,,
Bordeaux,2012,250,4,21.924,0.66775,0,400,1.1,-0.05,,
Bordeaux,2012,250,5,21.639,0.67345,0.287692308,400,1.1,-0.05,,
Bordeaux,2012,250,6,21.27,0.6938,0.035961539,400,1.1,-0.05,,
Bordeaux,2012,250,7,21.007,0.7117,13.78225961,400,1.1,-0.05,,
Bordeaux,2012,250,8,23.0995,0.62185,147.5253069,400,1.1,-0.05,,
Bordeaux,2012,250,9,27.268,0.4859,821.0551461,400,1.1,-0.05,,
Bordeaux,2012,250,10,30.99,0.4893,489.9133885,400,1.1,-0.05,,
Bordeaux,2012,250,11,31.4335,0.4161,561.9486654,400,1.1,-0.05,,
Bordeaux,2012,250,12,33.2345,0.3588,644.2746961,400,1.1,-0.05,,
Bordeaux,2012,250,13,35.08,0.30465,675.5144846,400,1.1,-0.05,,
Bordeaux,2012,250,14,36.408,0.27455,661.5484615,400,1.1,-0.05,,
Bordeaux,2012,250,15,36.329,0.2563,599.4364115,400,1.1,-0.05,,
Bordeaux,2012,250,16,35.368,0.2487,457.9385461,400,1.1,-0.05,,
Bordeaux,2012,250,17,34.074,0.27535,335.1845539,400,1.1,-0.05,,
Bordeaux,2012,250,18,31.6085,0.29545,222.0965196,400,1.1,-0.05,,
Bordeaux,2012,250,19,28.3975,0.3602,104.7084204,400,1.1,-0.05,,
Bordeaux,2012,250,20,25.366,0.44315,10.87879692,400,1.1,-0.05,,
Bordeaux,2012,250,21,24.4715,0.47745,0,400,1.1,-0.05,,
Bordeaux,2012,250,22,24.601,0.4705,0,400,1.1,-0.05,,
Bordeaux,2012,250,23,24.225,0.47545,0,400,1.1,-0.05,,
Bordeaux,2012,251,0,23.6415,0.5106,0,400,1.1,-0.05,,
Bordeaux,2012,251,1,22.984,0.548,0,400,1.1,-0.05,,
Bordeaux,2012,251,2,22.38,0.58675,0.036752692,400,1.1,-0.05,,
Bordeaux,2012,251,3,21.789,0.62245,0.035961539,400,1.1,-0.05,,
Bordeaux,2012,251,4,21.229,0.6549,0,400,1.1,-0.05,,
Bordeaux,2012,251,5,20.6825,0.68095,0.035961539,400,1.1,-0.05,,
Bordeaux,2012,251,6,20.164,0.69925,0,400,1.1,-0.05,,
Bordeaux,2012,251,7,19.9195,0.7085,14.66432424,400,1.1,-0.05,,
Bordeaux,2012,251,8,22.631,0.6064,155.5373939,400,1.1,-0.05,,
Bordeaux,2012,251,9,27.3315,0.4763,927.2704269,400,1.1,-0.05,,
Bordeaux,2012,251,10,31.983,0.44205,497.6314539,400,1.1,-0.05,,
Bordeaux,2012,251,11,32.816,0.36725,545.0424269,400,1.1,-0.05,,
Bordeaux,2012,251,12,34.739,0.31265,629.9411461,400,1.1,-0.05,,
Bordeaux,2012,251,13,36.465,0.2611,669.2665269,400,1.1,-0.05,,
Bordeaux,2012,251,14,35.998,0.24585,651.2577077,400,1.1,-0.05,,
Bordeaux,2012,251,15,35.707,0.22405,590.9832924,400,1.1,-0.05,,
Bordeaux,2012,251,16,36.3965,0.2046,456.8359654,400,1.1,-0.05,,
Bordeaux,2012,251,17,34.9655,0.22585,334.8170269,400,1.1,-0.05,,
Bordeaux,2012,251,18,32.5645,0.2372,221.5084765,400,1.1,-0.05,,
Bordeaux,2012,251,19,29.6745,0.2936,107.501625,400,1.1,-0.05,,
Bordeaux,2012,251,20,26.5145,0.40145,10.65828077,400,1.1,-0.05,,
Bordeaux,2012,251,21,25.1625,0.47585,0.143846154,400,1.1,-0.05,,
Bordeaux,2012,251,22,24.656,0.4773,0.827115385,400,1.1,-0.05,,
Bordeaux,2012,251,23,24.1675,0.4761,0.035961539,400,1.1,-0.05,,
Bordeaux,2012,252,0,23.534,0.52245,0,400,1.1,-0.05,,
Bordeaux,2012,252,1,22.8815,0.56445,0.899038461,400,1.1,-0.05,,
Bordeaux,2012,252,2,22.3765,0.5962,0.143846154,400,1.1,-0.05,,
Bordeaux,2012,252,3,21.9775,0.6194,0.107884615,400,1.1,-0.05,,
Bordeaux,2012,252,4,21.6365,0.6412,0.215769231,400,1.1,-0.05,,
Bordeaux,2012,252,5,21.272,0.66655,0.107884615,400,1.1,-0.05,,
Bordeaux,2012,252,6,20.851,0.68585,0.215769231,400,1.1,-0.05,,
Bordeaux,2012,252,7,20.5095,0.69705,13.96602308,400,1.1,-0.05,,
Bordeaux,2012,252,8,22.722,0.61445,157.0075015,400,1.1,-0.05,,
Bordeaux,2012,252,9,27.475,0.47325,873.6114961,400,1.1,-0.05,,
Bordeaux,2012,252,10,32.1015,0.39575,504.9819924,400,1.1,-0.05,,
Bordeaux,2012,252,11,33.147,0.3259,558.6409231,400,1.1,-0.05,,
Bordeaux,2012,252,12,35.528,0.27685,643.5396424,400,1.1,-0.05,,
Bordeaux,2012,252,13,37.796,0.2342,675.1469577,400,1.1,-0.05,,
Bordeaux,2012,252,14,38.3615,0.1979,669.6340539,400,1.1,-0.05,,
Bordeaux,2012,252,15,38.102,0.21135,601.2740461,400,1.1,-0.05,,
Bordeaux,2012,252,16,37.021,0.2088,422.6559615,400,1.1,-0.05,,
Bordeaux,2012,252,17,35.1575,0.2164,270.4630627,400,1.1,-0.05,,
Bordeaux,2012,252,18,31.6685,0.2956,185.0498058,400,1.1,-0.05,,
Bordeaux,2012,252,19,29.3025,0.3588,96.034785,400,1.1,-0.05,,
Bordeaux,2012,252,20,26.548,0.42805,10.07023769,400,1.1,-0.05,,
Bordeaux,2012,252,21,25.5865,0.46225,0.110258077,400,1.1,-0.05,,
Bordeaux,2012,252,22,25.3225,0.4859,0.503461539,400,1.1,-0.05,,
Bordeaux,2012,252,23,24.946,0.4756,0,400,1.1,-0.05,,
Bordeaux,2012,253,0,24.4105,0.53035,0,400,1.1,-0.05,,
Bordeaux,2012,253,1,23.7175,0.6476,0.107884615,400,1.1,-0.05,,
Bordeaux,2012,253,2,23.156,0.73245,0,400,1.1,-0.05,,
Bordeaux,2012,253,3,22.7675,0.7689,0.035961539,400,1.1,-0.05,,
Bordeaux,2012,253,4,22.9105,0.79745,0,400,1.1,-0.05,,
Bordeaux,2012,253,5,22.892,0.8035,0,400,1.1,-0.05,,
Bordeaux,2012,253,6,22.648,0.80335,0,400,1.1,-0.05,,
Bordeaux,2012,253,7,22.4015,0.80065,6.041538461,400,1.1,-0.05,,
Bordeaux,2012,253,8,23.198,0.7824,82.03200924,400,1.1,-0.05,,
Bordeaux,2012,253,9,25.888,0.67855,293.3232374,400,1.1,-0.05,,
Bordeaux,2012,253,10,31.149,0.51265,474.8447846,400,1.1,-0.05,,
Bordeaux,2012,253,11,33.04,0.3983,559.7435039,400,1.1,-0.05,,
Bordeaux,2012,253,12,35.1585,0.32495,635.0865231,400,1.1,-0.05,,
Bordeaux,2012,253,13,37.028,0.2879,671.8392154,400,1.1,-0.05,,
Bordeaux,2012,253,14,37.459,0.26015,649.4200731,400,1.1,-0.05,,
Bordeaux,2012,253,15,37.2665,0.24665,587.67555,400,1.1,-0.05,,
Bordeaux,2012,253,16,36.9425,0.2454,457.2034924,400,1.1,-0.05,,
Bordeaux,2012,253,17,34.961,0.2616,325.9963808,400,1.1,-0.05,,
Bordeaux,2012,253,18,32.328,0.3388,208.0202385,400,1.1,-0.05,,
Bordeaux,2012,253,19,28.844,0.43445,79.05504115,400,1.1,-0.05,,
Bordeaux,2012,253,20,26.995,0.4965,7.444038461,400,1.1,-0.05,,
Bordeaux,2012,253,21,25.7115,0.57565,0.147010769,400,1.1,-0.05,,
Bordeaux,2012,253,22,24.8365,0.64805,0.036752692,400,1.1,-0.05,,
Bordeaux,2012,253,23,24.19,0.6822,0.110258077,400,1.1,-0.05,,
Bordeaux,2012,254,0,23.7005,0.71215,0.611346154,400,1.1,-0.05,,
Bordeaux,2012,254,1,23.179,0.7402,0.215769231,400,1.1,-0.05,,
Bordeaux,2012,254,2,22.79,0.7572,0,400,1.1,-0.05,,
Bordeaux,2012,254,3,22.568,0.76575,0.107884615,400,1.1,-0.05,,
Bordeaux,2012,254,4,22.2525,0.7722,0,400,1.1,-0.05,,
Bordeaux,2012,254,5,21.98,0.77725,0,400,1.1,-0.05,,
Bordeaux,2012,254,6,21.892,0.7823,0,400,1.1,-0.05,,
Bordeaux,2012,254,7,21.9475,0.79105,4.135576924,400,1.1,-0.05,,
Bordeaux,2012,254,8,22.619,0.79325,70.234395,400,1.1,-0.05,,
Bordeaux,2012,254,9,25.588,0.6833,325.6288539,400,1.1,-0.05,,
Bordeaux,2012,254,10,27.5125,0.5534,383.3305808,400,1.1,-0.05,,
Bordeaux,2012,254,11,27.5445,0.5381,350.9882115,400,1.1,-0.05,,
Bordeaux,2012,254,12,29.975,0.47625,682.4974961,400,1.1,-0.05,,
Bordeaux,2012,254,13,32.297,0.40185,701.2413692,400,1.1,-0.05,,
Bordeaux,2012,254,14,33.6985,0.35565,708.9594346,400,1.1,-0.05,,
Bordeaux,2012,254,15,35.2715,0.32675,665.9587846,400,1.1,-0.05,,
Bordeaux,2012,254,16,34.786,0.3323,518.2129615,400,1.1,-0.05,,
Bordeaux,2012,254,17,33.1385,0.34155,332.9793924,400,1.1,-0.05,,
Bordeaux,2012,254,18,29.5515,0.4098,143.0047258,400,1.1,-0.05,,
Bordeaux,2012,254,19,28.303,0.4818,80.48839615,400,1.1,-0.05,,
Bordeaux,2012,254,20,27.487,0.51445,9.298431154,400,1.1,-0.05,,
Bordeaux,2012,254,21,26.0165,0.5777,0.035961539,400,1.1,-0.05,,
Bordeaux,2012,254,22,25.0795,0.6403,0.4675,400,1.1,-0.05,,
Bordeaux,2012,254,23,25.0795,0.6403,0,400,1.1,-0.05,,
