timestamp,year,dayOfYear,hourOfDay,latitude,longitude,rowDistance,plantDistance,rowOrientation,scenario,age_degreeDay,age_days,incomingRadiation,azimuth,zenith,solarElevation,leafAreaPerPlant,LAI,hourlyAbsorbedRadiation,fabsPlant,fparPlant,fabsSoil,fparSoil,fparGround,k,k_ground,fPARLow,fPARMid,fPARUp,fPARGlobal,fDiffuseLight,plantDensity,simuuid
2012-07-18T01:30:00,2012,200,1,44.786945,-0.579722,0.2,0.2,90.0,0,88.83681941069506,120.041664,0.4382,6.842816060094918,121.9633197940777,-31.963319794077705,0.29530984003311755,7.382746000827938,0.0,0.0,0.0,0.0,0.0,0.0,-0.0,0.0,0.0,0.0,0.0,0.45,1.0,24.999999999999996,"9273d490-b46d-48de-afa3-955b5c30eb93"
2012-07-18T02:30:00,2012,200,2,44.786945,-0.579722,0.2,0.2,90.0,0,88.87220522909027,120.083336,0.7762,23.52033701351602,119.18392967141037,-29.183929671410368,0.28539468898443826,7.1348672246109555,0.0,0.0,0.0,0.0,0.0,0.0,-0.0,0.0,0.0,0.0,0.0,0.45,1.0,24.999999999999996,"9273d490-b46d-48de-afa3-955b5c30eb93"
2012-07-18T03:30:00,2012,200,3,44.786945,-0.579722,0.2,0.2,90.0,0,88.90621793402897,120.125,0.929,38.660405624241186,113.69789879053647,-23.69789879053647,0.29530984003311755,7.382746000827938,0.0,0.0,0.0,0.0,0.0,0.0,-0.0,0.0,0.0,0.0,0.0,0.45,1.0,24.999999999999996,"9273d490-b46d-48de-afa3-955b5c30eb93"
2012-07-18T04:30:00,2012,200,4,44.786945,-0.579722,0.2,0.2,90.0,0,88.93955705785872,120.166664,0.9488,51.97824483116357,106.15389148414972,-16.153891484149725,0.29530984003311755,7.382746000827938,0.0,0.0,0.0,0.0,0.0,0.0,-0.0,0.0,0.0,0.0,0.0,0.45,1.0,24.999999999999996,"9273d490-b46d-48de-afa3-955b5c30eb93"
2012-07-18T05:30:00,2012,200,5,44.786945,-0.579722,0.2,0.2,90.0,0,88.97210621459367,120.208336,1.0829,63.749988782075384,97.17551054591381,-7.175510545913809,0.29530984003311755,7.382746000827938,0.0,0.0,0.0,0.0,0.0,0.0,-0.0,0.0,0.0,0.0,0.0,0.45,1.0,24.999999999999996,"9273d490-b46d-48de-afa3-955b5c30eb93"
2012-07-18T06:30:00,2012,200,6,44.786945,-0.579722,0.2,0.2,90.0,0,89.0042240916237,120.25,7.6599,74.49990381285453,86.94161555776759,3.058384442232409,0.29530984003311755,7.382746000827938,0.0,0.0,0.0,0.0,0.0,1.0,-0.0,0.0,0.0,0.0,0.0,0.45,1.0,24.999999999999996,"9273d490-b46d-48de-afa3-955b5c30eb93"
2012-07-18T07:30:00,2012,200,7,44.786945,-0.579722,0.2,0.2,90.0,0,89.03877710849527,120.291664,68.0897,84.83819948657798,76.65255155590577,13.347448444094226,0.29530984003311755,7.382746000827938,0.02450954458771711,0.4549490212866977,0.7319954524729884,0.4170644455411552,0.20025140467598623,0.2240848203786323,0.1783552258310394,0.03436554221915392,0.0,0.04020447733448133,0.16229544108053676,0.45,1.0,24.999999999999996,"9273d490-b46d-48de-afa3-955b5c30eb93"
2012-07-18T08:30:00,2012,200,8,44.786945,-0.579722,0.2,0.2,90.0,0,89.0788483233573,120.333336,245.203,95.4570364558147,66.06006059470006,23.93993940529994,0.2849182115805669,7.122955289514171,0.13703019638558542,0.7063166026277199,1.1070313045780915,0.21447274934543573,0.1021812256899989,0.01,NaN,0.0014109783713365054,0.0,0.037132456826491404,0.2624670358293043,0.45,1.0,24.999999999999996,"9273d490-b46d-48de-afa3-955b5c30eb93"
2012-07-18T09:30:00,2012,200,9,44.786945,-0.579722,0.2,0.2,90.0,0,89.12025868371553,120.375,785.3043,107.23565192899035,55.6558244220593,34.3441755779407,0.29530984003311755,7.382746000827938,0.43617511466736875,0.7019914498714875,1.101072447511831,0.24843105835725704,0.1261844277043178,0.01,NaN,0.001361327594417356,0.0,0.04426099942917264,0.25955733027902,0.4504483417626789,1.0,24.999999999999996,"9273d490-b46d-48de-afa3-955b5c30eb93"
2012-07-18T10:30:00,2012,200,10,44.786945,-0.579722,0.2,0.2,90.0,0,89.15997206095031,120.416664,845.743,121.42576876986996,45.97506750969157,44.02493249030843,0.29530984003311755,7.382746000827938,0.4651913923971262,0.6951878486776782,1.0716174285099367,0.0879226315096254,0.043063838945814795,0.01,NaN,0.001361327594417356,0.0,0.04905016987190546,0.2446509261878726,0.46517971595977003,1.0,24.999999999999996,"9273d490-b46d-48de-afa3-955b5c30eb93"
2012-07-18T11:30:00,2012,200,11,44.786945,-0.579722,0.2,0.2,90.0,0,89.19991982157168,120.458336,1078.0739,139.76300114321964,37.8883984247087,52.1116015752913,0.29530984003311755,7.382746000827938,0.6696895572460777,0.785116146388171,1.2116766271011843,0.21488545474625792,0.10652174124014402,0.01,NaN,0.001361327594417356,0.0,0.10116290517328304,0.24382887835416175,0.4702862068565221,1.0,24.999999999999996,"9273d490-b46d-48de-afa3-955b5c30eb93"
2012-07-18T12:30:00,2012,200,12,44.786945,-0.579722,0.2,0.2,90.0,0,89.23607716670908,120.5,2272.2758,163.6288151856454,32.816618823073746,57.183381176926254,0.29530984003311755,7.382746000827938,1.4297132018891259,0.7952374029219315,1.2480526641676772,0.4217568504700086,0.21137233969119906,0.01,NaN,0.001361327594417356,0.0,0.1161335140306089,0.24247670340269484,0.4718404267114535,1.0,24.999999999999996,"9273d490-b46d-48de-afa3-955b5c30eb93"
2012-07-18T13:30:00,2012,200,13,44.786945,-0.579722,0.2,0.2,90.0,0,89.2692456702307,120.541664,1923.0209,190.95728561685712,32.321575394250274,57.678424605749726,0.29530984003311755,7.382746000827938,1.213407472067502,0.7975016215005838,1.2473348189052313,0.22090779023395593,0.1106222653131213,0.01,NaN,0.001361327594417356,0.0,0.1155606740044916,0.24261296657138534,0.47366509431654263,1.0,24.999999999999996,"9273d490-b46d-48de-afa3-955b5c30eb93"
2012-07-18T14:30:00,2012,200,14,44.786945,-0.579722,0.2,0.2,90.0,0,89.30436590784275,120.583336,1730.7438,215.84168057097665,36.59900722409714,53.40099277590286,0.29530984003311755,7.382746000827938,0.9975197667457599,0.7284464647439449,1.1292358464731576,0.21331893277170455,0.10651085162522891,0.01,NaN,0.001361327594417356,0.0,0.07263752311270856,0.24287514025534904,0.47051666385114416,1.0,24.999999999999996,"9273d490-b46d-48de-afa3-955b5c30eb93"
2012-07-18T15:30:00,2012,200,15,44.786945,-0.579722,0.2,0.2,90.0,0,89.33840087946143,120.625,2181.0558,235.20872480853836,44.227172523843805,45.772827476156195,0.29530984003311755,7.382746000827938,1.2397284405765099,0.7184039339880145,1.1125950850604018,0.4206727808336167,0.20834575684498075,0.01,NaN,0.001361327594417356,0.0,0.03618314748490912,0.26473177809828874,0.46571396567576623,1.0,24.999999999999996,"9273d490-b46d-48de-afa3-955b5c30eb93"
2012-07-18T16:30:00,2012,200,16,44.786945,-0.579722,0.2,0.2,90.0,0,89.37304997659731,120.666664,1507.8247,250.06196998709626,53.686710110049994,36.313289889950006,0.29530984003311755,7.382746000827938,0.9516848629739338,0.7977213627410257,1.2663808200994946,0.3445359135535806,0.16932341210973603,0.01,NaN,0.001361327594417356,0.0,0.12303718764698231,0.24231828758740054,0.45323988000366766,1.0,24.999999999999996,"9273d490-b46d-48de-afa3-955b5c30eb93"
2012-07-18T17:30:00,2012,200,17,44.786945,-0.579722,0.2,0.2,90.0,0,89.4104944902214,120.708336,460.7026,262.1938626367168,64.01078559871614,25.98921440128386,0.29530984003311755,7.382746000827938,0.32677682743022485,0.896477724780981,1.4741554806289285,0.33584382783845135,0.161143868005291,0.01,NaN,0.001361327594417356,0.0,0.19707442139538478,0.24359396404795491,0.45,1.0,24.999999999999996,"9273d490-b46d-48de-afa3-955b5c30eb93"
2012-07-18T18:30:00,2012,200,18,44.786945,-0.579722,0.2,0.2,90.0,0,89.45008833707905,120.75,217.7008,272.95263265870915,74.61920552464728,15.380794475352715,0.29530984003311755,7.382746000827938,0.11409415997472899,0.6623877685525155,1.02683608242808,0.10513304688701819,0.049360660432166054,0.01,NaN,0.001361327594417356,0.0,0.03499811823051644,0.24314604695249253,0.45,1.0,24.999999999999996,"9273d490-b46d-48de-afa3-955b5c30eb93"
2012-07-18T19:30:00,2012,200,19,44.786945,-0.579722,0.2,0.2,90.0,0,89.4914481911904,120.791664,130.7938,283.27495781469156,85.05431233755888,4.945687662441117,0.29530984003311755,7.382746000827938,0.09260844211950083,0.8948955219491955,1.471874934648461,0.012981875423060516,0.005012041213607942,0.0,NaN,0.0,0.0,0.19703631469219904,0.2425157058913578,0.45,1.0,24.999999999999996,"9273d490-b46d-48de-afa3-955b5c30eb93"
2012-07-18T20:30:00,2012,200,20,44.786945,-0.579722,0.2,0.2,90.0,0,89.5330888697322,120.833336,57.0069,293.8799333766359,95.3129825788963,-5.312982578896296,0.29530984003311755,7.382746000827938,0.019259031007774256,0.4269882474204464,0.6813072975889882,0.14981671713508568,0.07120530232816187,0.0,0.15489195425136332,0.0,0.0,0.022524107608421946,0.16178113046493328,0.45,1.0,24.999999999999996,"9273d490-b46d-48de-afa3-955b5c30eb93"
2012-07-18T21:30:00,2012,200,21,44.786945,-0.579722,0.2,0.2,90.0,0,89.57422550920776,120.875,13.4982,305.3935769246091,104.61990314374923,-14.619903143749227,0.29530984003311755,7.382746000827938,0.0,0.0,0.0,0.0,0.0,0.0,-0.0,0.0,0.0,0.0,0.0,0.45,1.0,24.999999999999996,"9273d490-b46d-48de-afa3-955b5c30eb93"
2012-07-18T22:30:00,2012,200,22,44.786945,-0.579722,0.2,0.2,90.0,0,89.61477664311543,120.916664,1.3653,318.3711656126638,112.53943286285566,-22.539432862855662,0.29530984003311755,7.382746000827938,0.0,0.0,0.0,0.0,0.0,0.0,-0.0,0.0,0.0,0.0,0.0,0.45,1.0,24.999999999999996,"9273d490-b46d-48de-afa3-955b5c30eb93"
2012-07-18T23:30:00,2012,200,23,44.786945,-0.579722,0.2,0.2,90.0,0,89.65474556404214,120.958336,1.2148,333.1709865336504,118.53968973328675,-28.53968973328675,0.29530984003311755,7.382746000827938,0.0,0.0,0.0,0.0,0.0,0.0,-0.0,0.0,0.0,0.0,0.0,0.45,1.0,24.999999999999996,"9273d490-b46d-48de-afa3-955b5c30eb93"
2012-07-19T00:30:00,2012,201,0,44.786945,-0.579722,0.2,0.2,90.0,0,89.68853567449193,121.0,0.0773,349.65531636854007,121.95185439781086,-31.951854397810862,0.29530984003311755,7.382746000827938,0.0,0.0,0.0,0.0,0.0,0.0,-0.0,0.0,0.0,0.0,0.0,0.45,1.0,24.999999999999996,"9273d490-b46d-48de-afa3-955b5c30eb93"
2012-07-19T01:30:00,2012,201,1,44.786945,-0.579722,0.2,0.2,90.0,0,89.72123994532616,121.041664,0.3257,6.941223125774405,122.28246412826594,-32.28246412826594,0.29530984003311755,7.382746000827938,0.0,0.0,0.0,0.0,0.0,0.0,-0.0,0.0,0.0,0.0,0.0,0.45,1.0,24.999999999999996,"9273d490-b46d-48de-afa3-955b5c30eb93"
2012-07-19T02:30:00,2012,201,2,44.786945,-0.579722,0.2,0.2,90.0,0,89.75337223371456,121.083336,1.045,23.689729972821823,119.47898357678787,-29.47898357678787,0.29530984003311755,7.382746000827938,0.0,0.0,0.0,0.0,0.0,0.0,-0.0,0.0,0.0,0.0,0.0,0.45,1.0,24.999999999999996,"9273d490-b46d-48de-afa3-955b5c30eb93"
2012-07-19T03:30:00,2012,201,3,44.786945,-0.579722,0.2,0.2,90.0,0,89.78426768756556,121.125,1.2023,38.87643296172568,113.96224706610411,-23.962247066104112,0.29530984003311755,7.382746000827938,0.0,0.0,0.0,0.0,0.0,0.0,-0.0,0.0,0.0,0.0,0.0,0.45,1.0,24.999999999999996,"9273d490-b46d-48de-afa3-955b5c30eb93"
2012-07-19T04:30:00,2012,201,4,44.786945,-0.579722,0.2,0.2,90.0,0,89.81388346247293,121.166664,1.1679,52.22034455209891,106.38831756585978,-16.38831756585978,0.29530984003311755,7.382746000827938,0.0,0.0,0.0,0.0,0.0,0.0,-0.0,0.0,0.0,0.0,0.0,0.45,1.0,24.999999999999996,"9273d490-b46d-48de-afa3-955b5c30eb93"
2012-07-19T05:30:00,2012,201,5,44.786945,-0.579722,0.2,0.2,90.0,0,89.84294503046715,121.208336,1.5258,64.00700851406367,97.38818689774735,-7.388186897747346,0.29530984003311755,7.382746000827938,0.0,0.0,0.0,0.0,0.0,0.0,-0.0,0.0,0.0,0.0,0.0,0.45,1.0,24.999999999999996,"9273d490-b46d-48de-afa3-955b5c30eb93"
2012-07-19T06:30:00,2012,201,6,44.786945,-0.579722,0.2,0.2,90.0,0,89.87147049369072,121.25,6.3798,74.76862595509077,87.12427946973739,2.875720530262612,0.29530984003311755,7.382746000827938,0.0,0.0,0.0,0.0,0.0,1.0,-0.0,0.0,0.0,0.0,0.0,0.45,1.0,24.999999999999996,"9273d490-b46d-48de-afa3-955b5c30eb93"
2012-07-19T07:30:00,2012,201,7,44.786945,-0.579722,0.2,0.2,90.0,0,89.9022933595082,121.291664,51.549,85.12047108095169,76.8355513074287,13.164448692571298,0.29530984003311755,7.382746000827938,0.018442430951956967,0.4521753000328638,0.7276046326755466,0.4207079021779615,0.2019570124492471,0.2287390893639205,0.17615406402859052,0.03518048123850373,0.0,0.04041102611037801,0.1610083691851679,0.45,1.0,24.999999999999996,"9273d490-b46d-48de-afa3-955b5c30eb93"
2012-07-19T08:30:00,2012,201,8,44.786945,-0.579722,0.2,0.2,90.0,0,89.93896550403312,121.333336,184.9822,95.75739828730369,66.24408731304015,23.755912686959846,0.29530984003311755,7.382746000827938,0.10333745000752745,0.7060520436325229,1.1069160077323854,0.21626334959240828,0.10305984494787605,0.01,NaN,0.001361327594417356,0.0,0.03687569488302528,0.2627403761151005,0.45,1.0,24.999999999999996,"9273d490-b46d-48de-afa3-955b5c30eb93"
2012-07-19T09:30:00,2012,201,9,44.786945,-0.579722,0.2,0.2,90.0,0,89.97985364413681,121.375,536.1153,107.55843099245548,55.85155221592488,34.14844778407512,0.29530984003311755,7.382746000827938,0.2972889319714645,0.7008570612689343,1.0997894501328878,0.24712793911175318,0.1254557222946745,0.01,NaN,0.001361327594417356,0.0,0.03916639022321477,0.25914525553791673,0.45,1.0,24.999999999999996,"9273d490-b46d-48de-afa3-955b5c30eb93"
2012-07-19T10:30:00,2012,201,10,44.786945,-0.579722,0.2,0.2,90.0,0,90.02149762193945,121.416664,613.6582,121.76761493702477,46.19640688904037,43.80359311095963,0.29530984003311755,7.382746000827938,0.3366563034814358,0.6933765069566173,1.068876732113606,0.08756528808433772,0.04288063942924025,0.01,NaN,0.001361327594417356,0.0,0.04941373788031235,0.24363470040229004,0.464933776353563,1.0,24.999999999999996,"9273d490-b46d-48de-afa3-955b5c30eb93"
2012-07-19T11:30:00,2012,201,11,44.786945,-0.579722,0.2,0.2,90.0,0,90.06316200913685,121.458336,816.3242,140.09176445376704,38.150611083640754,51.849388916359246,0.29530984003311755,7.382746000827938,0.5065153290644814,0.7842216649863437,1.2094232589725953,0.2161032789545984,0.10733203722511259,0.01,NaN,0.001361327594417356,0.0,0.10113568518025826,0.24315997653862134,0.47098698152590696,1.0,24.999999999999996,"9273d490-b46d-48de-afa3-955b5c30eb93"
2012-07-19T12:30:00,2012,201,12,44.786945,-0.579722,0.2,0.2,90.0,0,90.10438819004501,121.5,1616.4367,163.85206008664906,33.12498914299788,56.87501085700212,0.29530984003311755,7.382746000827938,1.02415310553726,0.8007834670365852,1.2533199141607392,0.4208884423999402,0.21196557196674984,0.01,NaN,0.001361327594417356,0.0,0.11652948749305378,0.2435487232294459,0.4740950552543657,1.0,24.999999999999996,"9273d490-b46d-48de-afa3-955b5c30eb93"
2012-07-19T13:30:00,2012,201,13,44.786945,-0.579722,0.2,0.2,90.0,0,90.14454189221708,121.541664,1432.5037,190.9766268436435,32.65299828807576,57.34700171192424,0.29530984003311755,7.382746000827938,0.9049721873085201,0.7984512292986502,1.2462861280864752,0.22171074625969248,0.11139912816640878,0.01,NaN,0.001361327594417356,0.0,0.1165063280341609,0.24199195044673935,0.47536113106336747,1.0,24.999999999999996,"9273d490-b46d-48de-afa3-955b5c30eb93"
2012-07-19T14:30:00,2012,201,14,44.786945,-0.579722,0.2,0.2,90.0,0,90.18540375145135,121.583336,1299.4998,215.69437186924438,36.9187890728267,53.0812109271733,0.29530984003311755,7.382746000827938,0.7511821033324768,0.7305970756849386,1.1312850205982024,0.21446095236813728,0.10726586891684772,0.01,NaN,0.001361327594417356,0.0,0.07253994663774622,0.24342917712742607,0.47141065475387445,1.0,24.999999999999996,"9273d490-b46d-48de-afa3-955b5c30eb93"
2012-07-19T15:30:00,2012,201,15,44.786945,-0.579722,0.2,0.2,90.0,0,90.2255405619634,121.625,1616.6878,234.99423141753263,44.5231576568676,45.4768423431324,0.29530984003311755,7.382746000827938,0.9192575202553628,0.7186541610460113,1.1112477758375088,0.4208410750732997,0.20887561472782817,0.01,NaN,0.001361327594417356,0.0,0.03660122468447758,0.26401767830928147,0.4669826752973433,1.0,24.999999999999996,"9273d490-b46d-48de-afa3-955b5c30eb93"
2012-07-19T16:30:00,2012,201,16,44.786945,-0.579722,0.2,0.2,90.0,0,90.26626371024166,121.666664,1113.0016,249.83590496773917,53.96389799579288,36.03610200420712,0.29530984003311755,7.382746000827938,0.7053455396596078,0.8009677863658657,1.269375735986483,0.34685243831510043,0.17111640892221344,0.01,NaN,0.001361327594417356,0.0,0.1234787834399304,0.24259719632325638,0.45501732788695043,1.0,24.999999999999996,"9273d490-b46d-48de-afa3-955b5c30eb93"
2012-07-19T17:30:00,2012,201,17,44.786945,-0.579722,0.2,0.2,90.0,0,90.30774108316473,121.708336,329.6101,261.97523621000835,64.27795524900073,25.722044750999274,0.29530984003311755,7.382746000827938,0.23396897320898313,0.8971533274608339,1.4747071406431325,0.3356110429559242,0.16109774101273167,0.01,NaN,0.001361327594417356,0.0,0.19688087615723882,0.2439506170446329,0.45,1.0,24.999999999999996,"9273d490-b46d-48de-afa3-955b5c30eb93"
2012-07-19T18:30:00,2012,201,18,44.786945,-0.579722,0.2,0.2,90.0,0,90.34940188784742,121.75,180.7662,272.74626862798186,74.88401137098457,15.115988629015433,0.29530984003311755,7.382746000827938,0.09460999751469819,0.6614982759456717,1.0251607922400239,0.10588069330769195,0.04970766242690275,0.01,NaN,0.001361327594417356,0.0,0.034993035349704056,0.24264716165479103,0.45,1.0,24.999999999999996,"9273d490-b46d-48de-afa3-955b5c30eb93"
2012-07-19T19:30:00,2012,201,19,44.786945,-0.579722,0.2,0.2,90.0,0,90.39061722586025,121.791664,104.057,283.0821957870359,85.31757361463951,4.682426385360486,0.29530984003311755,7.382746000827938,0.07394477074784742,0.8981421534099139,1.47726395011964,0.012893551293679213,0.004976641407095092,0.0,NaN,0.0,0.0,0.19742122057643086,0.2437768576941832,0.45,1.0,24.999999999999996,"9273d490-b46d-48de-afa3-955b5c30eb93"
2012-07-19T20:30:00,2012,201,20,44.786945,-0.579722,0.2,0.2,90.0,0,90.43047228502998,121.833336,44.203,293.70326793379866,95.6174442694936,-5.617444269493603,0.29530984003311755,7.382746000827938,0.0,0.0,0.0,0.0,0.0,0.0,-0.0,0.0,0.0,0.0,0.0,0.45,1.0,24.999999999999996,"9273d490-b46d-48de-afa3-955b5c30eb93"
2012-07-19T21:30:00,2012,201,21,44.786945,-0.579722,0.2,0.2,90.0,0,90.46956341675248,121.875,9.9035,305.2396076894106,104.91715830963476,-14.917158309634758,0.29530984003311755,7.382746000827938,0.0,0.0,0.0,0.0,0.0,0.0,-0.0,0.0,0.0,0.0,0.0,0.45,1.0,24.999999999999996,"9273d490-b46d-48de-afa3-955b5c30eb93"
2012-07-19T22:30:00,2012,201,22,44.786945,-0.579722,0.2,0.2,90.0,0,90.50746096002374,121.916664,1.8804,318.2531626088378,112.85402254697246,-22.85402254697246,0.29530984003311755,7.382746000827938,0.0,0.0,0.0,0.0,0.0,0.0,-0.0,0.0,0.0,0.0,0.0,0.45,1.0,24.999999999999996,"9273d490-b46d-48de-afa3-955b5c30eb93"
2012-07-19T23:30:00,2012,201,23,44.786945,-0.579722,0.2,0.2,90.0,0,90.54451414879652,121.958336,1.809,333.1094348161023,118.86842148704659,-28.86842148704659,0.29530984003311755,7.382746000827938,0.0,0.0,0.0,0.0,0.0,0.0,-0.0,0.0,0.0,0.0,0.0,0.45,1.0,24.999999999999996,"9273d490-b46d-48de-afa3-955b5c30eb93"
2012-07-20T00:30:00,2012,202,0,44.786945,-0.579722,0.2,0.2,90.0,0,90.5738364938438,122.0,0.0449,349.6715906759514,122.28488210398842,-32.28488210398842,0.29530984003311755,7.382746000827938,0.0,0.0,0.0,0.0,0.0,0.0,-0.0,0.0,0.0,0.0,0.0,0.45,1.0,24.999999999999996,"9273d490-b46d-48de-afa3-955b5c30eb93"
2012-07-20T01:30:00,2012,202,1,44.786945,-0.579722,0.2,0.2,90.0,0,90.60213151240974,122.041664,0.2169,7.043205081570383,122.60463395401993,-32.60463395401993,0.29530984003311755,7.382746000827938,0.0,0.0,0.0,0.0,0.0,0.0,-0.0,0.0,0.0,0.0,0.0,0.45,1.0,24.999999999999996,"9273d490-b46d-48de-afa3-955b5c30eb93"
2012-07-20T02:30:00,2012,202,2,44.786945,-0.579722,0.2,0.2,90.0,0,90.62891491488281,122.083336,0.9889,23.86358955729376,119.77643314722275,-29.776433147222747,0.29530984003311755,7.382746000827938,0.0,0.0,0.0,0.0,0.0,0.0,-0.0,0.0,0.0,0.0,0.0,0.45,1.0,24.999999999999996,"9273d490-b46d-48de-afa3-955b5c30eb93"
2012-07-20T03:30:00,2012,202,3,44.786945,-0.579722,0.2,0.2,90.0,0,90.65560219081205,122.125,1.1901,39.0970956817507,114.22830144285787,-24.22830144285787,0.29530984003311755,7.382746000827938,0.0,0.0,0.0,0.0,0.0,0.0,-0.0,0.0,0.0,0.0,0.0,0.45,1.0,24.999999999999996,"9273d490-b46d-48de-afa3-955b5c30eb93"
2012-07-20T04:30:00,2012,202,4,44.786945,-0.579722,0.2,0.2,90.0,0,90.6813978338246,122.166664,1.2002,52.46683953750583,106.62392969852846,-16.623929698528457,0.29530984003311755,7.382746000827938,0.0,0.0,0.0,0.0,0.0,0.0,-0.0,0.0,0.0,0.0,0.0,0.45,1.0,24.999999999999996,"9273d490-b46d-48de-afa3-955b5c30eb93"
2012-07-20T05:30:00,2012,202,5,44.786945,-0.579722,0.2,0.2,90.0,0,90.70632262219152,122.208336,1.537,64.26808345587534,97.601367868782,-7.601367868782006,0.29530984003311755,7.382746000827938,0.0,0.0,0.0,0.0,0.0,0.0,-0.0,0.0,0.0,0.0,0.0,0.45,1.0,24.999999999999996,"9273d490-b46d-48de-afa3-955b5c30eb93"
2012-07-20T06:30:00,2012,202,6,44.786945,-0.579722,0.2,0.2,90.0,0,90.7301190938336,122.25,4.6316,75.04110829986276,87.30673960531395,2.6932603946860496,0.29530984003311755,7.382746000827938,0.0,0.0,0.0,0.0,0.0,1.0,-0.0,0.0,0.0,0.0,0.0,0.45,1.0,24.999999999999996,"9273d490-b46d-48de-afa3-955b5c30eb93"
2012-07-20T07:30:00,2012,202,7,44.786945,-0.579722,0.2,0.2,90.0,0,90.75634740411084,122.291664,34.51,85.40628225366424,77.01951093262267,12.980489067377334,0.29530984003311755,7.382746000827938,0.0,0.0,0.0,0.0,0.0,1.0,-0.0,0.0,0.0,0.0,0.0,0.45,1.0,24.999999999999996,"9273d490-b46d-48de-afa3-955b5c30eb93"
2012-07-20T08:30:00,2012,202,8,44.786945,-0.579722,0.2,0.2,90.0,0,90.7879556406004,122.333336,128.8495,96.06111584729614,66.429404519481,23.570595480519003,0.29530984003311755,7.382746000827938,0.07198013721938672,0.7060555102342293,1.1064030737303978,0.2147583561537702,0.10231747220083039,0.01,NaN,0.001361327594417356,0.0,0.03688085437500839,0.2624509211025974,0.45,1.0,24.999999999999996,"9273d490-b46d-48de-afa3-955b5c30eb93"
2012-07-20T09:30:00,2012,202,9,44.786945,-0.579722,0.2,0.2,90.0,0,90.82531677881303,122.375,361.5329,107.88431266952225,56.04903481507559,33.95096518492441,0.29530984003311755,7.382746000827938,0.1996731530950807,0.6980407320754125,1.0953006658689315,0.24976732368256588,0.1267711334954983,0.01,NaN,0.001361327594417356,0.0,0.038982860491536056,0.25807544733156546,0.45,1.0,24.999999999999996,"9273d490-b46d-48de-afa3-955b5c30eb93"
2012-07-20T10:30:00,2012,202,10,44.786945,-0.579722,0.2,0.2,90.0,0,90.86481129270813,122.416664,424.8835,122.11204015178731,46.420047299638995,43.579952700361005,0.29530984003311755,7.382746000827938,0.23335973060749615,0.6941685967865594,1.0723777275708504,0.08772643633440429,0.04280092851083229,0.01,NaN,0.001361327594417356,0.0,0.04914751106904284,0.24492184008710466,0.4631496464435445,1.0,24.999999999999996,"9273d490-b46d-48de-afa3-955b5c30eb93"
2012-07-20T11:30:00,2012,202,11,44.786945,-0.579722,0.2,0.2,90.0,0,90.90451000981429,122.458336,527.4136,140.422193892163,38.415642355362806,51.584357644637194,0.29530984003311755,7.382746000827938,0.32735089717895716,0.7844605809481737,1.211707977262809,0.21434859733433503,0.10610128905832703,0.01,NaN,0.001361327594417356,0.0,0.1011962850336579,0.24360940970348027,0.46931520381407765,1.0,24.999999999999996,"9273d490-b46d-48de-afa3-955b5c30eb93"
2012-07-20T12:30:00,2012,202,12,44.786945,-0.579722,0.2,0.2,90.0,0,90.94558852374462,122.5,1166.0285,164.07661822713837,33.436547122993844,56.563452877006156,0.29530984003311755,7.382746000827938,0.7355825209823939,0.7973172303276378,1.248092262801956,0.4234953144369274,0.21323451183355055,0.01,NaN,0.001361327594417356,0.0,0.11670125702291423,0.2422936199643024,0.47395949140322297,1.0,24.999999999999996,"9273d490-b46d-48de-afa3-955b5c30eb93"
2012-07-20T13:30:00,2012,202,13,44.786945,-0.579722,0.2,0.2,90.0,0,90.98708101650662,122.541664,1010.3561,190.99865484245774,32.98795191942247,57.01204808057753,0.29530984003311755,7.382746000827938,0.6384222195543184,0.7986241519592074,1.24705425645038,0.22202714043704522,0.11150045932316319,0.01,NaN,0.001361327594417356,0.0,0.11621152744638984,0.24222182797334374,0.4751046861981774,1.0,24.999999999999996,"9273d490-b46d-48de-afa3-955b5c30eb93"
2012-07-20T14:30:00,2012,202,14,44.786945,-0.579722,0.2,0.2,90.0,0,91.0284795982497,122.583336,863.805,215.55013573778788,37.24261936925844,52.75738063074156,0.29530984003311755,7.382746000827938,0.4999313393086565,0.7314818639008428,1.1302272010445262,0.21486439061306434,0.10788812124870853,0.01,NaN,0.001361327594417356,0.0,0.07338135484446567,0.24249652845844885,0.4732733718496579,1.0,24.999999999999996,"9273d490-b46d-48de-afa3-955b5c30eb93"
2012-07-20T15:30:00,2012,202,15,44.786945,-0.579722,0.2,0.2,90.0,0,91.07002891310908,122.625,1057.6871,234.78165562458216,44.823405107489926,45.176594892510074,0.29530984003311755,7.382746000827938,0.6030529971285268,0.720621452632622,1.1141873275178535,0.4194476118315481,0.20833701265592042,0.01,NaN,0.001361327594417356,0.0,0.036473224938738606,0.26486221958295003,0.4671524013882159,1.0,24.999999999999996,"9273d490-b46d-48de-afa3-955b5c30eb93"
2012-07-20T16:30:00,2012,202,16,44.786945,-0.579722,0.2,0.2,90.0,0,91.11139936073826,122.666664,764.2765,249.61060524377564,54.245336543967724,35.754663456032276,0.29530984003311755,7.382746000827938,0.4842334376832196,0.8007799365437795,1.2697933290676393,0.34289588064661797,0.16908333653161653,0.01,NaN,0.001361327594417356,0.0,0.12361049109215316,0.24261988310606253,0.4545352169851604,1.0,24.999999999999996,"9273d490-b46d-48de-afa3-955b5c30eb93"
2012-07-20T17:30:00,2012,202,17,44.786945,-0.579722,0.2,0.2,90.0,0,91.15190717856332,122.708336,220.3936,261.7566295555283,64.54921063285849,25.45078936714151,0.29530984003311755,7.382746000827938,0.15635094666059549,0.8966241875233999,1.4738632930845303,0.3329473977232893,0.15978033953456566,0.01,NaN,0.001361327594417356,0.0,0.19740773232646264,0.24288712528536985,0.45,1.0,24.999999999999996,"9273d490-b46d-48de-afa3-955b5c30eb93"
2012-07-20T18:30:00,2012,202,18,44.786945,-0.579722,0.2,0.2,90.0,0,91.19119187927367,122.75,133.7781,272.53948538116595,75.15253941712902,14.84746058287098,0.29530984003311755,7.382746000827938,0.06993676411045231,0.6607382134252691,1.023522938330838,0.10456095398966427,0.04907268303068939,0.01,NaN,0.001361327594417356,0.0,0.034697510862957415,0.24240897702409084,0.45,1.0,24.999999999999996,"9273d490-b46d-48de-afa3-955b5c30eb93"
2012-07-20T19:30:00,2012,202,19,44.786945,-0.579722,0.2,0.2,90.0,0,91.2293024205629,122.791664,72.9873,282.88876959910976,85.58374035443146,4.416259645568545,0.29530984003311755,7.382746000827938,0.05192721372481126,0.8992006994223699,1.4790516463659278,0.012987439119434025,0.005012801660935411,0.0,NaN,0.0,0.0,0.19948627748189451,0.24312572512437425,0.45,1.0,24.999999999999996,"9273d490-b46d-48de-afa3-955b5c30eb93"
2012-07-20T20:30:00,2012,202,20,44.786945,-0.579722,0.2,0.2,90.0,0,91.26536938596885,122.833336,33.3804,293.52584559657464,95.91891515603501,-5.918915156035013,0.29530984003311755,7.382746000827938,0.0,0.0,0.0,0.0,0.0,0.0,-0.0,0.0,0.0,0.0,0.0,0.45,1.0,24.999999999999996,"9273d490-b46d-48de-afa3-955b5c30eb93"
2012-07-20T21:30:00,2012,202,21,44.786945,-0.579722,0.2,0.2,90.0,0,91.30008063385867,122.875,6.9626,305.08497898907837,105.21828935528919,-15.218289355289187,0.29530984003311755,7.382746000827938,0.0,0.0,0.0,0.0,0.0,0.0,-0.0,0.0,0.0,0.0,0.0,0.45,1.0,24.999999999999996,"9273d490-b46d-48de-afa3-955b5c30eb93"
2012-07-20T22:30:00,2012,202,22,44.786945,-0.579722,0.2,0.2,90.0,0,91.33423627338426,122.916664,2.0737,318.1349168230191,113.1723793168753,-23.172379316875293,0.29530984003311755,7.382746000827938,0.0,0.0,0.0,0.0,0.0,0.0,-0.0,0.0,0.0,0.0,0.0,0.45,1.0,24.999999999999996,"9273d490-b46d-48de-afa3-955b5c30eb93"
2012-07-20T23:30:00,2012,202,23,44.786945,-0.579722,0.2,0.2,90.0,0,91.36612160289744,122.958336,2.0057,333.0485589753573,119.20093231873604,-29.200932318736037,0.29530984003311755,7.382746000827938,0.0,0.0,0.0,0.0,0.0,0.0,-0.0,0.0,0.0,0.0,0.0,0.45,1.0,24.999999999999996,"9273d490-b46d-48de-afa3-955b5c30eb93"
2012-07-21T00:30:00,2012,203,0,44.786945,-0.579722,0.2,0.2,90.0,0,91.39149816434887,123.0,0.009,349.68997304317264,122.62135495119828,-32.621354951198285,0.29530984003311755,7.382746000827938,0.0,0.0,0.0,0.0,0.0,0.0,-0.0,0.0,0.0,0.0,0.0,0.45,1.0,24.999999999999996,"9273d490-b46d-48de-afa3-955b5c30eb93"
2012-07-21T01:30:00,2012,203,1,44.786945,-0.579722,0.2,0.2,90.0,0,91.41558143222818,123.041664,0.0496,7.148775815613018,122.92972815175335,-32.92972815175335,0.29530984003311755,7.382746000827938,0.0,0.0,0.0,0.0,0.0,0.0,-0.0,0.0,0.0,0.0,0.0,0.45,1.0,24.999999999999996,"9273d490-b46d-48de-afa3-955b5c30eb93"
2012-07-21T02:30:00,2012,203,2,44.786945,-0.579722,0.2,0.2,90.0,0,91.43912476573372,123.083336,0.3021,24.041916140488535,120.07601879326627,-30.07601879326627,0.29530984003311755,7.382746000827938,0.0,0.0,0.0,0.0,0.0,0.0,-0.0,0.0,0.0,0.0,0.0,0.45,1.0,24.999999999999996,"9273d490-b46d-48de-afa3-955b5c30eb93"
2012-07-21T03:30:00,2012,203,3,44.786945,-0.579722,0.2,0.2,90.0,0,91.46258447543727,123.125,0.3684,39.32236833070447,114.49587322869321,-24.495873228693213,0.29530984003311755,7.382746000827938,0.0,0.0,0.0,0.0,0.0,0.0,-0.0,0.0,0.0,0.0,0.0,0.45,1.0,24.999999999999996,"9273d490-b46d-48de-afa3-955b5c30eb93"
2012-07-21T04:30:00,2012,203,4,44.786945,-0.579722,0.2,0.2,90.0,0,91.48555459924191,123.166664,0.3351,52.71768019467462,106.86058836442479,-16.860588364424785,0.29530984003311755,7.382746000827938,0.0,0.0,0.0,0.0,0.0,0.0,-0.0,0.0,0.0,0.0,0.0,0.45,1.0,24.999999999999996,"9273d490-b46d-48de-afa3-955b5c30eb93"
2012-07-21T05:30:00,2012,203,5,44.786945,-0.579722,0.2,0.2,90.0,0,91.50784668062414,123.208336,0.4723,64.53314635483233,97.81485651351313,-7.814856513513135,0.29530984003311755,7.382746000827938,0.0,0.0,0.0,0.0,0.0,0.0,-0.0,0.0,0.0,0.0,0.0,0.45,1.0,24.999999999999996,"9273d490-b46d-48de-afa3-955b5c30eb93"
2012-07-21T06:30:00,2012,203,6,44.786945,-0.579722,0.2,0.2,90.0,0,91.52982900323859,123.25,1.1308,75.31727026187238,87.49015896625113,2.50984103374887,0.29530984003311755,7.382746000827938,0.0,0.0,0.0,0.0,0.0,1.0,-0.0,0.0,0.0,0.0,0.0,0.45,1.0,24.999999999999996,"9273d490-b46d-48de-afa3-955b5c30eb93"
2012-07-21T07:30:00,2012,203,7,44.786945,-0.579722,0.2,0.2,90.0,0,91.5539331822274,123.291664,7.8847,85.69553962274755,77.20468430337125,12.795315696628748,0.29530984003311755,7.382746000827938,0.0,0.0,0.0,0.0,0.0,1.0,-0.0,0.0,0.0,0.0,0.0,0.45,1.0,24.999999999999996,"9273d490-b46d-48de-afa3-955b5c30eb93"
2012-07-21T08:30:00,2012,203,8,44.786945,-0.579722,0.2,0.2,90.0,0,91.5810153127411,123.333336,27.89,96.36807976315887,66.61607930008098,23.383920699919017,0.29530984003311755,7.382746000827938,0.0,0.0,0.0,0.0,0.0,1.0,-0.0,0.0,0.0,0.0,0.0,0.45,1.0,24.999999999999996,"9273d490-b46d-48de-afa3-955b5c30eb93"
2012-07-21T09:30:00,2012,203,9,44.786945,-0.579722,0.2,0.2,90.0,0,91.61206247224496,123.375,76.355,108.21316512945272,56.24821099451351,33.75178900548649,0.29530984003311755,7.382746000827938,0.04238533529893695,0.7015959214434193,1.100335028040257,0.2503343002565525,0.12708064867988156,0.01,NaN,0.001361327594417356,0.0,0.03909273027563313,0.25934773551116336,0.45,1.0,24.999999999999996,"9273d490-b46d-48de-afa3-955b5c30eb93"
2012-07-21T10:30:00,2012,203,10,44.786945,-0.579722,0.2,0.2,90.0,0,91.64570138100223,123.416664,91.9628,122.4588840983475,46.64592554047458,43.35407445952542,0.29530984003311755,7.382746000827938,0.05050364085754084,0.6940957996500755,1.0724170082298736,0.08715964765525559,0.04249752014605609,0.01,NaN,0.001361327594417356,0.0,0.049022871873339924,0.2448243471107053,0.46287286494539404,1.0,24.999999999999996,"9273d490-b46d-48de-afa3-955b5c30eb93"
2012-07-21T11:30:00,2012,203,11,44.786945,-0.579722,0.2,0.2,90.0,0,91.67928180470413,123.458336,117.1696,140.75411128706122,38.68343406401271,51.31656593598729,0.29530984003311755,7.382746000827938,0.07247207222681602,0.7817441613006646,1.2077007649137927,0.2158434095600753,0.10678711456130374,0.01,NaN,0.001361327594417356,0.0,0.10182356263549643,0.24246164786466515,0.46918354656197775,1.0,24.999999999999996,"9273d490-b46d-48de-afa3-955b5c30eb93"
2012-07-21T12:30:00,2012,203,12,44.786945,-0.579722,0.2,0.2,90.0,0,91.71467031935187,123.5,245.3992,164.30233373941167,33.751172559531106,56.248827440468894,0.29530984003311755,7.382746000827938,0.15453684559520287,0.7959170619112509,1.2473946827167757,0.4198229489569412,0.211039791260571,0.01,NaN,0.001361327594417356,0.0,0.11596922468811503,0.24259116015409443,0.47314636823159006,1.0,24.999999999999996,"9273d490-b46d-48de-afa3-955b5c30eb93"
2012-07-21T13:30:00,2012,203,13,44.786945,-0.579722,0.2,0.2,90.0,0,91.7513185647369,123.541664,220.3471,191.02326481354336,33.32631858640035,56.67368141359965,0.29530984003311755,7.382746000827938,0.13998829638502955,0.8029588762110791,1.2543821494233796,0.21939017190171653,0.110068844178185,0.01,NaN,0.001361327594417356,0.0,0.11707410592721909,0.24356149627738694,0.4747217206178113,1.0,24.999999999999996,"9273d490-b46d-48de-afa3-955b5c30eb93"
2012-07-21T14:30:00,2012,203,14,44.786945,-0.579722,0.2,0.2,90.0,0,91.78756336398585,123.583336,174.5906,215.40895543435357,37.57032841303214,52.42967158696786,0.29530984003311755,7.382746000827938,0.10071325771950854,0.72907918714679,1.1281304133925998,0.21337156681091965,0.1068899483510633,0.01,NaN,0.001361327594417356,0.0,0.0726361857039875,0.24267061749217067,0.4720153387716721,1.0,24.999999999999996,"9273d490-b46d-48de-afa3-955b5c30eb93"
2012-07-21T15:30:00,2012,203,15,44.786945,-0.579722,0.2,0.2,90.0,0,91.82387029593346,123.625,245.7258,234.57104641571095,45.1277602010782,44.8722397989218,0.29530984003311755,7.382746000827938,0.13967093841726497,0.718396499538502,1.111977524071692,0.4233660709386564,0.2096099036385324,0.01,NaN,0.001361327594417356,0.0,0.036551618041964516,0.26421411081531687,0.46592139398719945,1.0,24.999999999999996,"9273d490-b46d-48de-afa3-955b5c30eb93"
2012-07-21T16:30:00,2012,203,16,44.786945,-0.579722,0.2,0.2,90.0,0,91.86050058442503,123.666664,164.4551,249.38613788292767,54.53086781974216,35.46913218025784,0.29530984003311755,7.382746000827938,0.10396464017701604,0.7990008158172461,1.2663334494915812,0.3448659450908265,0.1700352528958787,0.01,NaN,0.001361327594417356,0.0,0.12315798516458283,0.24218858834701812,0.4547558432684559,1.0,24.999999999999996,"9273d490-b46d-48de-afa3-955b5c30eb93"
2012-07-21T17:30:00,2012,203,17,44.786945,-0.579722,0.2,0.2,90.0,0,91.89518776535361,123.708336,45.486,261.53810558795146,64.82440923413343,25.175590765866573,0.29530984003311755,7.382746000827938,0.0,0.0,0.0,0.0,0.0,1.0,-0.0,0.0,0.0,0.0,0.0,0.45,1.0,24.999999999999996,"9273d490-b46d-48de-afa3-955b5c30eb93"
2012-07-21T18:30:00,2012,203,18,44.786945,-0.579722,0.2,0.2,90.0,0,91.92903977129619,123.75,29.699,272.33233505129925,75.42496900099208,14.575030999007922,0.29530984003311755,7.382746000827938,0.0,0.0,0.0,0.0,0.0,1.0,-0.0,0.0,0.0,0.0,0.0,0.45,1.0,24.999999999999996,"9273d490-b46d-48de-afa3-955b5c30eb93"
2012-07-21T19:30:00,2012,203,19,44.786945,-0.579722,0.2,0.2,90.0,0,91.96144980921027,123.791664,16.9517,282.69471884479617,85.85261965047361,4.147380349526387,0.29530984003311755,7.382746000827938,0.0,0.0,0.0,0.0,0.0,0.0,-0.0,0.0,0.0,0.0,0.0,0.45,1.0,24.999999999999996,"9273d490-b46d-48de-afa3-955b5c30eb93"
2012-07-21T20:30:00,2012,203,20,44.786945,-0.579722,0.2,0.2,90.0,0,91.99229148262994,123.833336,7.7422,293.34769260596926,96.22031279118173,-6.220312791181726,0.29530984003311755,7.382746000827938,0.0,0.0,0.0,0.0,0.0,0.0,-0.0,0.0,0.0,0.0,0.0,0.45,1.0,24.999999999999996,"9273d490-b46d-48de-afa3-955b5c30eb93"
2012-07-21T21:30:00,2012,203,21,44.786945,-0.579722,0.2,0.2,90.0,0,92.0217405433094,123.875,1.5795,304.9297034365888,105.52304763827397,-15.523047638273965,0.29530984003311755,7.382746000827938,0.0,0.0,0.0,0.0,0.0,0.0,-0.0,0.0,0.0,0.0,0.0,0.45,1.0,24.999999999999996,"9273d490-b46d-48de-afa3-955b5c30eb93"
2012-07-21T22:30:00,2012,203,22,44.786945,-0.579722,0.2,0.2,90.0,0,92.05067074283212,123.916664,0.5895,318.01642955184263,113.49444811328189,-23.49444811328189,0.29530984003311755,7.382746000827938,0.0,0.0,0.0,0.0,0.0,0.0,-0.0,0.0,0.0,0.0,0.0,0.45,1.0,24.999999999999996,"9273d490-b46d-48de-afa3-955b5c30eb93"
2012-07-21T23:30:00,2012,203,23,44.786945,-0.579722,0.2,0.2,90.0,0,92.07824456790576,123.958336,0.6307,332.98835710554556,119.53699483335461,-29.536994833354612,0.29530984003311755,7.382746000827938,0.0,0.0,0.0,0.0,0.0,0.0,-0.0,0.0,0.0,0.0,0.0,0.45,1.0,24.999999999999996,"9273d490-b46d-48de-afa3-955b5c30eb93"
2012-07-22T00:30:00,2012,204,0,44.786945,-0.579722,0.2,0.2,90.0,0,92.10298119751424,124.0,0.002,349.71046901983294,122.9610966769387,-32.961096676938695,0.29530984003311755,7.382746000827938,0.0,0.0,0.0,0.0,0.0,0.0,-0.0,0.0,0.0,0.0,0.0,0.45,1.0,24.999999999999996,"9273d490-b46d-48de-afa3-955b5c30eb93"
2012-07-22T01:30:00,2012,204,1,44.786945,-0.579722,0.2,0.2,90.0,0,92.12723616564912,124.041664,0.0144,7.257945738113163,123.25752172492051,-33.25752172492051,0.29530984003311755,7.382746000827938,0.0,0.0,0.0,0.0,0.0,0.0,-0.0,0.0,0.0,0.0,0.0,0.45,1.0,24.999999999999996,"9273d490-b46d-48de-afa3-955b5c30eb93"
2012-07-22T02:30:00,2012,204,2,44.786945,-0.579722,0.2,0.2,90.0,0,92.15096080181114,124.083336,0.0979,24.224706433945443,120.3776128285921,-30.377612828592106,0.29530984003311755,7.382746000827938,0.0,0.0,0.0,0.0,0.0,0.0,-0.0,0.0,0.0,0.0,0.0,0.45,1.0,24.999999999999996,"9273d490-b46d-48de-afa3-955b5c30eb93"
2012-07-22T03:30:00,2012,204,3,44.786945,-0.579722,0.2,0.2,90.0,0,92.17426792705596,124.125,0.1199,39.55222168095499,114.76478864306905,-24.764788643069053,0.29530984003311755,7.382746000827938,0.0,0.0,0.0,0.0,0.0,0.0,-0.0,0.0,0.0,0.0,0.0,0.45,1.0,24.999999999999996,"9273d490-b46d-48de-afa3-955b5c30eb93"
2012-07-22T04:30:00,2012,204,4,44.786945,-0.579722,0.2,0.2,90.0,0,92.1970432378339,124.166664,0.1142,52.97281340176341,107.09812139033632,-17.098121390336317,0.29530984003311755,7.382746000827938,0.0,0.0,0.0,0.0,0.0,0.0,-0.0,0.0,0.0,0.0,0.0,0.45,1.0,24.999999999999996,"9273d490-b46d-48de-afa3-955b5c30eb93"
2012-07-22T05:30:00,2012,204,5,44.786945,-0.579722,0.2,0.2,90.0,0,92.2188095566934,124.208336,0.1564,64.8021268508654,98.02860725223913,-8.028607252239127,0.29530984003311755,7.382746000827938,0.0,0.0,0.0,0.0,0.0,0.0,-0.0,0.0,0.0,0.0,0.0,0.45,1.0,24.999999999999996,"9273d490-b46d-48de-afa3-955b5c30eb93"
2012-07-22T06:30:00,2012,204,6,44.786945,-0.579722,0.2,0.2,90.0,0,92.24067844877894,124.25,0.3213,75.59702853776612,87.67404693682732,2.325953063172676,0.29530984003311755,7.382746000827938,0.0,0.0,0.0,0.0,0.0,1.0,-0.0,0.0,0.0,0.0,0.0,0.45,1.0,24.999999999999996,"9273d490-b46d-48de-afa3-955b5c30eb93"
2012-07-22T07:30:00,2012,204,7,44.786945,-0.579722,0.2,0.2,90.0,0,92.26365697733281,124.291664,2.1635,85.98814735544723,77.39088639260963,12.60911360739037,0.29530984003311755,7.382746000827938,0.0,0.0,0.0,0.0,0.0,1.0,-0.0,0.0,0.0,0.0,0.0,0.45,1.0,24.999999999999996,"9273d490-b46d-48de-afa3-955b5c30eb93"
2012-07-22T08:30:00,2012,204,8,44.786945,-0.579722,0.2,0.2,90.0,0,92.2902116950389,124.333336,7.527,96.67817837261454,66.8042287410225,23.1957712589775,0.29530984003311755,7.382746000827938,0.0,0.0,0.0,0.0,0.0,1.0,-0.0,0.0,0.0,0.0,0.0,0.45,1.0,24.999999999999996,"9273d490-b46d-48de-afa3-955b5c30eb93"
2012-07-22T09:30:00,2012,204,9,44.786945,-0.579722,0.2,0.2,90.0,0,92.31921207529855,124.375,21.3321,108.54485442600745,56.44927745647794,33.55072254352206,0.29530984003311755,7.382746000827938,0.0,0.0,0.0,0.0,0.0,1.0,-0.0,0.0,0.0,0.0,0.0,0.45,1.0,24.999999999999996,"9273d490-b46d-48de-afa3-955b5c30eb93"
2012-07-22T10:30:00,2012,204,10,44.786945,-0.579722,0.2,0.2,90.0,0,92.35135224698766,124.416664,25.196,122.80798485840776,46.87420628727316,43.12579371272684,0.29530984003311755,7.382746000827938,0.0,0.0,0.0,0.0,0.0,1.0,-0.0,0.0,0.0,0.0,0.0,0.46152020849829667,1.0,24.999999999999996,"9273d490-b46d-48de-afa3-955b5c30eb93"
2012-07-22T11:30:00,2012,204,11,44.786945,-0.579722,0.2,0.2,90.0,0,92.38349826956897,124.458336,31.698,141.08733793742388,38.95410372012069,51.04589627987931,0.29530984003311755,7.382746000827938,0.0,0.0,0.0,0.0,0.0,1.0,-0.0,0.0,0.0,0.0,0.0,0.46860969286803084,1.0,24.999999999999996,"9273d490-b46d-48de-afa3-955b5c30eb93"
2012-07-22T12:30:00,2012,204,12,44.786945,-0.579722,0.2,0.2,90.0,0,92.41723325142057,124.5,68.5829,164.52904988276336,34.068964421478924,55.931035578521076,0.29530984003311755,7.382746000827938,0.04336736463732593,0.7992011507707434,1.2506204149261728,0.42142381685841085,0.21207497575349368,0.01,NaN,0.001361327594417356,0.0,0.11554455040852737,0.24379977246912898,0.4735933381099441,1.0,24.999999999999996,"9273d490-b46d-48de-afa3-955b5c30eb93"
2012-07-22T13:30:00,2012,204,13,44.786945,-0.579722,0.2,0.2,90.0,0,92.45279679974851,124.541664,58.2087,191.05034698841072,33.6681720511799,56.3318279488201,0.29530984003311755,7.382746000827938,0.03676988224651683,0.79838662545743,1.247415290341998,0.2198920907064137,0.11041923314109657,0.01,NaN,0.001361327594417356,0.0,0.11623659405685662,0.2425462072281304,0.4750303824850552,1.0,24.999999999999996,"9273d490-b46d-48de-afa3-955b5c30eb93"
2012-07-22T14:30:00,2012,204,14,44.786945,-0.579722,0.2,0.2,90.0,0,92.48696935729575,124.583336,45.5409,215.2708052042305,37.90200558907994,52.09799441092006,0.29530984003311755,7.382746000827938,0.0,0.0,0.0,0.0,0.0,1.0,-0.0,0.0,0.0,0.0,0.0,0.4711508388504572,1.0,24.999999999999996,"9273d490-b46d-48de-afa3-955b5c30eb93"
2012-07-22T15:30:00,2012,204,15,44.786945,-0.579722,0.2,0.2,90.0,0,92.5216623561015,124.625,67.94,234.36244407568375,45.43641203233136,44.56358796766864,0.29530984003311755,7.382746000827938,0.038554540025957845,0.7172307447412877,1.1116151875373308,0.4204698613864746,0.2078842570609218,0.01,NaN,0.001361327594417356,0.0,0.036606343341593406,0.2642058184825541,0.4648227515370689,1.0,24.999999999999996,"9273d490-b46d-48de-afa3-955b5c30eb93"
2012-07-22T16:30:00,2012,204,16,44.786945,-0.579722,0.2,0.2,90.0,0,92.55649386254709,124.666664,44.8269,249.16256321881684,54.82070330775111,35.17929669224889,0.29530984003311755,7.382746000827938,0.0,0.0,0.0,0.0,0.0,1.0,-0.0,0.0,0.0,0.0,0.0,0.4531520420393377,1.0,24.999999999999996,"9273d490-b46d-48de-afa3-955b5c30eb93"
2012-07-22T17:30:00,2012,204,17,44.786945,-0.579722,0.2,0.2,90.0,0,92.58987027667571,124.708336,11.7942,261.3197220223338,65.10390795593565,24.896092044064346,0.29530984003311755,7.382746000827938,0.0,0.0,0.0,0.0,0.0,1.0,-0.0,0.0,0.0,0.0,0.0,0.45,1.0,24.999999999999996,"9273d490-b46d-48de-afa3-955b5c30eb93"
2012-07-22T18:30:00,2012,204,18,44.786945,-0.579722,0.2,0.2,90.0,0,92.62128454860286,124.75,9.0642,272.1248654640014,75.70154698690163,14.298453013098367,0.29530984003311755,7.382746000827938,0.0,0.0,0.0,0.0,0.0,1.0,-0.0,0.0,0.0,0.0,0.0,0.45,1.0,24.999999999999996,"9273d490-b46d-48de-afa3-955b5c30eb93"
2012-07-22T19:30:00,2012,204,19,44.786945,-0.579722,0.2,0.2,90.0,0,92.6518408388232,124.791664,4.9912,282.5000792168921,86.12553184169008,3.8744681583099236,0.29530984003311755,7.382746000827938,0.0,0.0,0.0,0.0,0.0,0.0,-0.0,0.0,0.0,0.0,0.0,0.45,1.0,24.999999999999996,"9273d490-b46d-48de-afa3-955b5c30eb93"
2012-07-22T20:30:00,2012,204,20,44.786945,-0.579722,0.2,0.2,90.0,0,92.68101296592094,124.833336,2.089,293.1688313394346,96.52212721968571,-6.522127219685714,0.29530984003311755,7.382746000827938,0.0,0.0,0.0,0.0,0.0,0.0,-0.0,0.0,0.0,0.0,0.0,0.45,1.0,24.999999999999996,"9273d490-b46d-48de-afa3-955b5c30eb93"
2012-07-22T21:30:00,2012,204,21,44.786945,-0.579722,0.2,0.2,90.0,0,92.70877910032529,124.875,0.4157,304.7737895080038,105.83106237313055,-15.83106237313055,0.29530984003311755,7.382746000827938,0.0,0.0,0.0,0.0,0.0,0.0,-0.0,0.0,0.0,0.0,0.0,0.45,1.0,24.999999999999996,"9273d490-b46d-48de-afa3-955b5c30eb93"
2012-07-22T22:30:00,2012,204,22,44.786945,-0.579722,0.2,0.2,90.0,0,92.73527521245845,124.916664,0.2166,317.8976974708652,113.81992826327323,-23.819928263273226,0.29530984003311755,7.382746000827938,0.0,0.0,0.0,0.0,0.0,0.0,-0.0,0.0,0.0,0.0,0.0,0.45,1.0,24.999999999999996,"9273d490-b46d-48de-afa3-955b5c30eb93"
2012-07-22T23:30:00,2012,204,23,44.786945,-0.579722,0.2,0.2,90.0,0,92.76176380005312,124.958336,0.2154,332.928822275731,119.87645482182862,-29.876454821828617,0.29530984003311755,7.382746000827938,0.0,0.0,0.0,0.0,0.0,0.0,-0.0,0.0,0.0,0.0,0.0,0.45,1.0,24.999999999999996,"9273d490-b46d-48de-afa3-955b5c30eb93"
2012-07-23T00:30:00,2012,205,0,44.786945,-0.579722,0.2,0.2,90.0,0,92.79130556490577,125.0,0.0104,349.73307912617037,123.30394298684675,-33.30394298684675,0.29530984003311755,7.382746000827938,0.0,0.0,0.0,0.0,0.0,0.0,-0.0,0.0,0.0,0.0,0.0,0.45,1.0,24.999999999999996,"9273d490-b46d-48de-afa3-955b5c30eb93"
2012-07-23T01:30:00,2012,205,1,44.786945,-0.579722,0.2,0.2,90.0,0,92.81991555948856,125.041664,0.0985,7.370720368034904,123.5879275913826,-33.587927591382595,0.29530984003311755,7.382746000827938,0.0,0.0,0.0,0.0,0.0,0.0,-0.0,0.0,0.0,0.0,0.0,0.45,1.0,24.999999999999996,"9273d490-b46d-48de-afa3-955b5c30eb93"
2012-07-23T02:30:00,2012,205,2,44.786945,-0.579722,0.2,0.2,90.0,0,92.84788918693282,125.083336,0.8385,24.411952164569,120.68109804970815,-30.681098049708154,0.29530984003311755,7.382746000827938,0.0,0.0,0.0,0.0,0.0,0.0,-0.0,0.0,0.0,0.0,0.0,0.45,1.0,24.999999999999996,"9273d490-b46d-48de-afa3-955b5c30eb93"
2012-07-23T03:30:00,2012,205,3,44.786945,-0.579722,0.2,0.2,90.0,0,92.87570626129595,125.125,1.1056,39.786621578489694,115.03489072440752,-25.034890724407518,0.29530984003311755,7.382746000827938,0.0,0.0,0.0,0.0,0.0,0.0,-0.0,0.0,0.0,0.0,0.0,0.45,1.0,24.999999999999996,"9273d490-b46d-48de-afa3-955b5c30eb93"
2012-07-23T04:30:00,2012,205,4,44.786945,-0.579722,0.2,0.2,90.0,0,92.90253405485952,125.166664,1.012,53.23218153144569,107.3363534491799,-17.336353449179896,0.29530984003311755,7.382746000827938,0.0,0.0,0.0,0.0,0.0,0.0,-0.0,0.0,0.0,0.0,0.0,0.45,1.0,24.999999999999996,"9273d490-b46d-48de-afa3-955b5c30eb93"
2012-07-23T05:30:00,2012,205,5,44.786945,-0.579722,0.2,0.2,90.0,0,92.92829506809062,125.208336,1.3902,65.07495063321224,98.24236113184631,-8.242361131846309,0.29530984003311755,7.382746000827938,0.0,0.0,0.0,0.0,0.0,0.0,-0.0,0.0,0.0,0.0,0.0,0.45,1.0,24.999999999999996,"9273d490-b46d-48de-afa3-955b5c30eb93"
2012-07-23T06:30:00,2012,205,6,44.786945,-0.579722,0.2,0.2,90.0,0,92.9541808764883,125.25,2.5843,75.8802963361118,87.85925607599826,2.1407439240017396,0.29530984003311755,7.382746000827938,0.0,0.0,0.0,0.0,0.0,1.0,-0.0,0.0,0.0,0.0,0.0,0.45,1.0,24.999999999999996,"9273d490-b46d-48de-afa3-955b5c30eb93"
2012-07-23T07:30:00,2012,205,7,44.786945,-0.579722,0.2,0.2,90.0,0,92.98212444580928,125.291664,15.5101,86.28400642047875,77.57857584750465,12.421424152495348,0.29530984003311755,7.382746000827938,0.0,0.0,0.0,0.0,0.0,1.0,-0.0,0.0,0.0,0.0,0.0,0.45,1.0,24.999999999999996,"9273d490-b46d-48de-afa3-955b5c30eb93"
2012-07-23T08:30:00,2012,205,8,44.786945,-0.579722,0.2,0.2,90.0,0,93.01272953166693,125.333336,57.336,96.99129694101961,66.9938620840836,23.006137915916398,0.29530984003311755,7.382746000827938,0.03197225552842297,0.7047819905302287,1.104890124769812,0.21687264060329403,0.10337691171534533,0.01,NaN,0.001361327594417356,0.0,0.03720561113185989,0.2619666814051276,0.45,1.0,24.999999999999996,"9273d490-b46d-48de-afa3-955b5c30eb93"
2012-07-23T09:30:00,2012,205,9,44.786945,-0.579722,0.2,0.2,90.0,0,93.04802882884172,125.375,133.689,108.87924361774631,56.65234400684522,33.34765599315478,0.29530984003311755,7.382746000827938,0.07408862070501351,0.7004300161383976,1.0990648933780307,0.24856515839252355,0.12615611329633492,0.01,NaN,0.001361327594417356,0.0,0.03918740607139687,0.2590524112215428,0.45,1.0,24.999999999999996,"9273d490-b46d-48de-afa3-955b5c30eb93"
2012-07-23T10:30:00,2012,205,10,44.786945,-0.579722,0.2,0.2,90.0,0,93.08560916536972,125.416664,171.7429,123.1591778485409,47.104915164697616,42.895084835302384,0.29530984003311755,7.382746000827938,0.09472742324203919,0.6971172766241159,1.0750658553313974,0.08726517275368856,0.042741464413575764,0.01,NaN,0.001361327594417356,0.0,0.04928356190719702,0.2454048730709976,0.46504040607844904,1.0,24.999999999999996,"9273d490-b46d-48de-afa3-955b5c30eb93"
2012-07-23T11:30:00,2012,205,11,44.786945,-0.579722,0.2,0.2,90.0,0,93.1238332722906,125.458336,244.555,141.42169325372637,39.22765442851386,50.77234557148614,0.29530984003311755,7.382746000827938,0.1521284079052583,0.7862174664016914,1.2107227278323625,0.21528498452454256,0.107171705102754,0.01,NaN,0.001361327594417356,0.0,0.1010860824775107,0.24347240462572156,0.4722255745769456,1.0,24.999999999999996,"9273d490-b46d-48de-afa3-955b5c30eb93"
2012-07-23T12:30:00,2012,205,12,44.786945,-0.579722,0.2,0.2,90.0,0,93.16326117214362,125.5,466.205,164.75660739057045,34.38988741012256,55.61011258987744,0.29530984003311755,7.382746000827938,0.29513119077187216,0.8001052078328833,1.2496104762244435,0.4209060873981202,0.21280950166463639,0.01,NaN,0.001361327594417356,0.0,0.11694468910418601,0.24257762864834045,0.47609921675857136,1.0,24.999999999999996,"9273d490-b46d-48de-afa3-955b5c30eb93"
2012-07-23T13:30:00,2012,205,13,44.786945,-0.579722,0.2,0.2,90.0,0,93.20343556310672,125.541664,408.6651,191.0797851382922,34.01342043561637,55.98657956438363,0.29530984003311755,7.382746000827938,0.2586185878431211,0.7998362799690056,1.244693474168125,0.22056502783133747,0.11145534412851978,0.01,NaN,0.001361327594417356,0.0,0.11643530325302022,0.24143587961698398,0.47811275613430093,1.0,24.999999999999996,"9273d490-b46d-48de-afa3-955b5c30eb93"
2012-07-23T14:30:00,2012,205,14,44.786945,-0.579722,0.2,0.2,90.0,0,93.24318774094577,125.583336,314.0393,215.13564910847478,38.23760208904428,51.76239791095572,0.29530984003311755,7.382746000827938,0.18188948807915958,0.7320361261338617,1.1300803215098831,0.21451133360685326,0.10798024283228627,0.01,NaN,0.001361327594417356,0.0,0.07324824569541748,0.24259169411262282,0.47470140860658033,1.0,24.999999999999996,"9273d490-b46d-48de-afa3-955b5c30eb93"
2012-07-23T15:30:00,2012,205,15,44.786945,-0.579722,0.2,0.2,90.0,0,93.28333294713153,125.625,461.6598,234.15587914487963,45.74929304666245,44.25070695333755,0.29530984003311755,7.382746000827938,0.26331108314369245,0.7208684105857484,1.1106463016548258,0.42327465798806874,0.21140696417830412,0.01,NaN,0.001361327594417356,0.0,0.036516709308107874,0.26383661978030387,0.46993281790015085,1.0,24.999999999999996,"9273d490-b46d-48de-afa3-955b5c30eb93"
2012-07-23T16:30:00,2012,205,16,44.786945,-0.579722,0.2,0.2,90.0,0,93.32372121564168,125.666664,333.7259,248.93993389998053,55.11487603532911,34.88512396467089,0.29530984003311755,7.382746000827938,0.21312876496285493,0.8071626722143298,1.2757730580449553,0.34440523244259186,0.17081657674689182,0.01,NaN,0.001361327594417356,0.0,0.12479218232463808,0.24361056809738835,0.45756095526264323,1.0,24.999999999999996,"9273d490-b46d-48de-afa3-955b5c30eb93"
2012-07-23T17:30:00,2012,205,17,44.786945,-0.579722,0.2,0.2,90.0,0,93.36287770671262,125.708336,74.2802,261.1015305113294,65.38771221551868,24.612287784481325,0.29530984003311755,7.382746000827938,0.05274623701388214,0.8974852745030532,1.4754330000347389,0.3375716894376051,0.16193719756251035,0.01,NaN,0.001361327594417356,0.0,0.19742509722784254,0.24338927853882636,0.45,1.0,24.999999999999996,"9273d490-b46d-48de-afa3-955b5c30eb93"
2012-07-23T18:30:00,2012,205,18,44.786945,-0.579722,0.2,0.2,90.0,0,93.40028494504469,125.75,67.9495,271.9171193206166,75.98265283321551,14.01734716678449,0.29530984003311755,7.382746000827938,0.0354685006718561,0.6597288542799549,1.0223368872466492,0.10573409479696583,0.04965051029661054,0.01,NaN,0.001361327594417356,0.0,0.03495478085538646,0.24203204968370096,0.45,1.0,24.999999999999996,"9273d490-b46d-48de-afa3-955b5c30eb93"
2012-07-23T19:30:00,2012,205,19,44.786945,-0.579722,0.2,0.2,90.0,0,93.43674423267406,125.791664,36.7807,282.30488169354715,86.40347174905098,3.596528250949021,0.29530984003311755,7.382746000827938,0.0,0.0,0.0,0.0,0.0,0.0,-0.0,0.0,0.0,0.0,0.0,0.45,1.0,24.999999999999996,"9273d490-b46d-48de-afa3-955b5c30eb93"
2012-07-23T20:30:00,2012,205,20,44.786945,-0.579722,0.2,0.2,90.0,0,93.47143181555565,125.833336,16.7496,292.98927945241405,96.82445610943243,-6.8244561094324325,0.29530984003311755,7.382746000827938,0.0,0.0,0.0,0.0,0.0,0.0,-0.0,0.0,0.0,0.0,0.0,0.45,1.0,24.999999999999996,"9273d490-b46d-48de-afa3-955b5c30eb93"
2012-07-23T21:30:00,2012,205,21,44.786945,-0.579722,0.2,0.2,90.0,0,93.5050592943167,125.875,3.3828,304.6172405938009,106.1419655292159,-16.141965529215895,0.29530984003311755,7.382746000827938,0.0,0.0,0.0,0.0,0.0,0.0,-0.0,0.0,0.0,0.0,0.0,0.45,1.0,24.999999999999996,"9273d490-b46d-48de-afa3-955b5c30eb93"
2012-07-23T22:30:00,2012,205,22,44.786945,-0.579722,0.2,0.2,90.0,0,93.53752898164336,125.916664,1.9009,317.7787115556856,114.1484603220928,-24.148460322092802,0.29530984003311755,7.382746000827938,0.0,0.0,0.0,0.0,0.0,0.0,-0.0,0.0,0.0,0.0,0.0,0.45,1.0,24.999999999999996,"9273d490-b46d-48de-afa3-955b5c30eb93"
2012-07-23T23:30:00,2012,205,23,44.786945,-0.579722,0.2,0.2,90.0,0,93.56908786564242,125.958336,1.8985,332.8699413126978,120.21910736459446,-30.219107364594464,0.29530984003311755,7.382746000827938,0.0,0.0,0.0,0.0,0.0,0.0,-0.0,0.0,0.0,0.0,0.0,0.45,1.0,24.999999999999996,"9273d490-b46d-48de-afa3-955b5c30eb93"
2012-07-24T00:30:00,2012,206,0,44.786945,-0.579722,0.2,0.2,90.0,0,93.60540220647415,126.0,0.0198,349.7577975746631,123.64987965133135,-33.64987965133135,0.29530984003311755,7.382746000827938,0.0,0.0,0.0,0.0,0.0,0.0,-0.0,0.0,0.0,0.0,0.0,0.45,1.0,24.999999999999996,"9273d490-b46d-48de-afa3-955b5c30eb93"
2012-07-24T01:30:00,2012,206,1,44.786945,-0.579722,0.2,0.2,90.0,0,93.64086143071684,126.041664,0.2521,7.487099104581629,123.92087612182218,-33.920876121822175,0.29530984003311755,7.382746000827938,0.0,0.0,0.0,0.0,0.0,0.0,-0.0,0.0,0.0,0.0,0.0,0.45,1.0,24.999999999999996,"9273d490-b46d-48de-afa3-955b5c30eb93"
2012-07-24T02:30:00,2012,206,2,44.786945,-0.579722,0.2,0.2,90.0,0,93.67526586121028,126.083336,2.7977,24.603639011097105,120.98642569207546,-30.986425692075457,0.29530984003311755,7.382746000827938,0.0,0.0,0.0,0.0,0.0,0.0,-0.0,0.0,0.0,0.0,0.0,0.45,1.0,24.999999999999996,"9273d490-b46d-48de-afa3-955b5c30eb93"
2012-07-24T03:30:00,2012,206,3,44.786945,-0.579722,0.2,0.2,90.0,0,93.70889100962808,126.125,3.4847,40.02552809044132,115.30622768604022,-25.306227686040216,0.29530984003311755,7.382746000827938,0.0,0.0,0.0,0.0,0.0,0.0,-0.0,0.0,0.0,0.0,0.0,0.45,1.0,24.999999999999996,"9273d490-b46d-48de-afa3-955b5c30eb93"
2012-07-24T04:30:00,2012,206,4,44.786945,-0.579722,0.2,0.2,90.0,0,93.74214459988163,126.166664,3.3647,53.49572179354119,107.57530804103764,-17.575308041037644,0.29530984003311755,7.382746000827938,0.0,0.0,0.0,0.0,0.0,0.0,-0.0,0.0,0.0,0.0,0.0,0.45,1.0,24.999999999999996,"9273d490-b46d-48de-afa3-955b5c30eb93"
2012-07-24T05:30:00,2012,206,5,44.786945,-0.579722,0.2,0.2,90.0,0,93.77500324871885,126.208336,4.6931,65.35153891969166,98.4561963480777,-8.456196348077697,0.29530984003311755,7.382746000827938,0.0,0.0,0.0,0.0,0.0,0.0,-0.0,0.0,0.0,0.0,0.0,0.45,1.0,24.999999999999996,"9273d490-b46d-48de-afa3-955b5c30eb93"
2012-07-24T06:30:00,2012,206,6,44.786945,-0.579722,0.2,0.2,90.0,0,93.80695845473119,126.25,7.1746,76.16698293858902,88.0452361183368,1.9547638816631974,0.29530984003311755,7.382746000827938,0.0,0.0,0.0,0.0,0.0,1.0,-0.0,0.0,0.0,0.0,0.0,0.45,1.0,24.999999999999996,"9273d490-b46d-48de-afa3-955b5c30eb93"
2012-07-24T07:30:00,2012,206,7,44.786945,-0.579722,0.2,0.2,90.0,0,93.8399169437808,126.291664,42.0772,86.5830141803349,77.7672100907489,12.232789909251096,0.29530984003311755,7.382746000827938,0.0,0.0,0.0,0.0,0.0,1.0,-0.0,0.0,0.0,0.0,0.0,0.45,1.0,24.999999999999996,"9273d490-b46d-48de-afa3-955b5c30eb93"
2012-07-24T08:30:00,2012,206,8,44.786945,-0.579722,0.2,0.2,90.0,0,93.87774293610279,126.333336,147.8836,97.30731724223743,67.18497847665957,22.815021523340434,0.29530984003311755,7.382746000827938,0.08274173902540012,0.7071532542172524,1.1089757058916592,0.2166822128368771,0.10324774122333034,0.01,NaN,0.001361327594417356,0.0,0.03694220538660762,0.26316981817592067,0.45,1.0,24.999999999999996,"9273d490-b46d-48de-afa3-955b5c30eb93"
2012-07-24T09:30:00,2012,206,9,44.786945,-0.579722,0.2,0.2,90.0,0,93.91886441828848,126.375,352.587,109.21619228450302,56.85720692916829,33.14279307083171,0.29530984003311755,7.382746000827938,0.1958009157081703,0.7018710620973891,1.1010057780174138,0.2481990517207019,0.1261513367024483,0.01,NaN,0.001361327594417356,0.0,0.038968915248198406,0.2596305034980853,0.45068887184532486,1.0,24.999999999999996,"9273d490-b46d-48de-afa3-955b5c30eb93"
2012-07-24T10:30:00,2012,206,10,44.786945,-0.579722,0.2,0.2,90.0,0,93.96042092834718,126.416664,443.5085,123.51229520729545,47.33797881288806,42.66202118711194,0.29530984003311755,7.382746000827938,0.24476981721590707,0.6975331144339303,1.0717904515409344,0.08823099523134707,0.04345239183995502,0.01,NaN,0.001361327594417356,0.0,0.049099794612342706,0.2447338683305438,0.46784188373834734,1.0,24.999999999999996,"9273d490-b46d-48de-afa3-955b5c30eb93"
2012-07-24T11:30:00,2012,206,11,44.786945,-0.579722,0.2,0.2,90.0,0,94.00183980016959,126.458336,677.158,141.75699389150435,39.50396792569993,50.49603207430007,0.29530984003311755,7.382746000827938,0.42256834990925607,0.7887073100146459,1.2129241224055518,0.21530123075710098,0.10754227897395759,0.01,NaN,0.001361327594417356,0.0,0.10219238956078422,0.24346055525001484,0.4737929323000228,1.0,24.999999999999996,"9273d490-b46d-48de-afa3-955b5c30eb93"
2012-07-24T12:30:00,2012,206,12,44.786945,-0.579722,0.2,0.2,90.0,0,94.0422087984264,126.5,1305.6399,164.984843320924,34.713808525924776,55.286191474075224,0.29530984003311755,7.382746000827938,0.8321689965868521,0.8055584028596537,1.254300630584939,0.4171404600352113,0.2118667975603039,0.01,NaN,0.001361327594417356,0.0,0.116700775916519,0.2437034429693903,0.478374219375327,1.0,24.999999999999996,"9273d490-b46d-48de-afa3-955b5c30eb93"
2012-07-24T13:30:00,2012,206,13,44.786945,-0.579722,0.2,0.2,90.0,0,94.08065995234861,126.541664,1042.6085,191.11145544980272,34.36195805368388,55.63804194631612,0.29530984003311755,7.382746000827938,0.6625635698919332,0.8031842913930322,1.246341344194476,0.21964983380271966,0.11153927828840654,0.01,NaN,0.001361327594417356,0.0,0.11605875874775898,0.24213445092578584,0.48092827368299945,1.0,24.999999999999996,"9273d490-b46d-48de-afa3-955b5c30eb93"
2012-07-24T14:30:00,2012,206,14,44.786945,-0.579722,0.2,0.2,90.0,0,94.12007026353719,126.583336,793.2853,215.00344002806085,38.576938741708744,51.423061258291256,0.29530984003311755,7.382746000827938,0.4587682825551561,0.7309251276968303,1.1257985230524017,0.2156303842332437,0.10897992553392495,0.01,NaN,0.001361327594417356,0.0,0.0728339451239175,0.24178827783354745,0.4766169266158035,1.0,24.999999999999996,"9273d490-b46d-48de-afa3-955b5c30eb93"
2012-07-24T15:30:00,2012,206,15,44.786945,-0.579722,0.2,0.2,90.0,0,94.15861366568117,126.625,1271.4586,233.9513714153524,46.066215247232314,43.933784752767686,0.29530984003311755,7.382746000827938,0.7257147206583705,0.7213941613143895,1.1100063923011114,0.4218496483754774,0.2114976460121435,0.01,NaN,0.001361327594417356,0.0,0.036471663968578,0.26386088090736903,0.4717172303166822,1.0,24.999999999999996,"9273d490-b46d-48de-afa3-955b5c30eb93"
2012-07-24T16:30:00,2012,206,16,44.786945,-0.579722,0.2,0.2,90.0,0,94.19627859692588,126.666664,885.3458,248.71829392343957,55.41315355747484,34.58684644252516,0.29530984003311755,7.382746000827938,0.5613175406754161,0.8013174428994508,1.2635267108323454,0.3461790430326359,0.17241984210542977,0.01,NaN,0.001361327594417356,0.0,0.1232122659614389,0.24151897958656068,0.4596208612525721,1.0,24.999999999999996,"9273d490-b46d-48de-afa3-955b5c30eb93"
2012-07-24T17:30:00,2012,206,17,44.786945,-0.579722,0.2,0.2,90.0,0,94.237378210569,126.708336,188.2429,260.8835757361017,65.67548425357798,24.324515746422023,0.29530984003311755,7.382746000827938,0.1338334487318628,0.8985763388931717,1.4770405493404455,0.3354238391254872,0.1609735508698697,0.01,NaN,0.001361327594417356,0.0,0.1977163021560145,0.243652776261832,0.45,1.0,24.999999999999996,"9273d490-b46d-48de-afa3-955b5c30eb93"
2012-07-24T18:30:00,2012,206,18,44.786945,-0.579722,0.2,0.2,90.0,0,94.27895777761037,126.75,189.6359,271.7091333371046,76.26784267520333,13.732157324796674,0.29530984003311755,7.382746000827938,0.09913961263799412,0.660747570025058,1.0242927670987076,0.10554398594204957,0.049543465984235556,0.01,NaN,0.001361327594417356,0.0,0.034741673622657045,0.2427141726816823,0.45,1.0,24.999999999999996,"9273d490-b46d-48de-afa3-955b5c30eb93"
2012-07-24T19:30:00,2012,206,19,44.786945,-0.579722,0.2,0.2,90.0,0,94.32056355708573,126.791664,103.4879,282.10915169044586,86.68533290451963,3.314667095480374,0.29530984003311755,7.382746000827938,0.07333361058804054,0.8956171638392846,1.4721839383990307,0.013014150642337222,0.005023116422517592,0.0,NaN,0.0,0.0,0.19718498965016665,0.24275522940369543,0.45,1.0,24.999999999999996,"9273d490-b46d-48de-afa3-955b5c30eb93"
2012-07-24T20:30:00,2012,206,20,44.786945,-0.579722,0.2,0.2,90.0,0,94.36162782746983,126.833336,43.8515,292.80904901175137,97.12786659947473,-7.127866599474729,0.29530984003311755,7.382746000827938,0.0,0.0,0.0,0.0,0.0,0.0,-0.0,0.0,0.0,0.0,0.0,0.45,1.0,24.999999999999996,"9273d490-b46d-48de-afa3-955b5c30eb93"
2012-07-24T21:30:00,2012,206,21,44.786945,-0.579722,0.2,0.2,90.0,0,94.40199781470417,126.875,7.8507,304.46005407301664,106.4559650690633,-16.455965069063296,0.29530984003311755,7.382746000827938,0.0,0.0,0.0,0.0,0.0,0.0,-0.0,0.0,0.0,0.0,0.0,0.45,1.0,24.999999999999996,"9273d490-b46d-48de-afa3-955b5c30eb93"
2012-07-24T22:30:00,2012,206,22,44.786945,-0.579722,0.2,0.2,90.0,0,94.44199038333788,126.916664,5.9368,317.6594560687944,114.4801531639563,-24.480153163956302,0.29530984003311755,7.382746000827938,0.0,0.0,0.0,0.0,0.0,0.0,-0.0,0.0,0.0,0.0,0.0,0.45,1.0,24.999999999999996,"9273d490-b46d-48de-afa3-955b5c30eb93"
2012-07-24T23:30:00,2012,206,23,44.786945,-0.579722,0.2,0.2,90.0,0,94.48089459515953,126.958336,5.8127,332.8116937163127,120.56492747049629,-30.564927470496286,0.29530984003311755,7.382746000827938,0.0,0.0,0.0,0.0,0.0,0.0,-0.0,0.0,0.0,0.0,0.0,0.45,1.0,24.999999999999996,"9273d490-b46d-48de-afa3-955b5c30eb93"
2012-07-25T00:30:00,2012,207,0,44.786945,-0.579722,0.2,0.2,90.0,0,94.52211704995662,127.0,0.0137,349.7846111974003,123.998854276607,-33.998854276607005,0.29530984003311755,7.382746000827938,0.0,0.0,0.0,0.0,0.0,0.0,-0.0,0.0,0.0,0.0,0.0,0.45,1.0,24.999999999999996,"9273d490-b46d-48de-afa3-955b5c30eb93"
2012-07-25T01:30:00,2012,207,1,44.786945,-0.579722,0.2,0.2,90.0,0,94.56296754081295,127.041664,0.3514,7.607074302014976,124.25632689845423,-34.25632689845423,0.29530984003311755,7.382746000827938,0.0,0.0,0.0,0.0,0.0,0.0,-0.0,0.0,0.0,0.0,0.0,0.45,1.0,24.999999999999996,"9273d490-b46d-48de-afa3-955b5c30eb93"
2012-07-25T02:30:00,2012,207,2,44.786945,-0.579722,0.2,0.2,90.0,0,94.60311742299102,127.083336,4.3142,24.799745893979814,121.29354018933789,-31.29354018933789,0.29530984003311755,7.382746000827938,0.0,0.0,0.0,0.0,0.0,0.0,-0.0,0.0,0.0,0.0,0.0,0.45,1.0,24.999999999999996,"9273d490-b46d-48de-afa3-955b5c30eb93"
2012-07-25T03:30:00,2012,207,3,44.786945,-0.579722,0.2,0.2,90.0,0,94.64267546967262,127.125,5.3616,40.268895033115314,115.57869546742674,-25.57869546742674,0.29530984003311755,7.382746000827938,0.0,0.0,0.0,0.0,0.0,0.0,-0.0,0.0,0.0,0.0,0.0,0.45,1.0,24.999999999999996,"9273d490-b46d-48de-afa3-955b5c30eb93"
2012-07-25T04:30:00,2012,207,4,44.786945,-0.579722,0.2,0.2,90.0,0,94.68177701762133,127.166664,5.2469,53.76336594965523,107.81502697138718,-17.815026971387184,0.29530984003311755,7.382746000827938,0.0,0.0,0.0,0.0,0.0,0.0,-0.0,0.0,0.0,0.0,0.0,0.45,1.0,24.999999999999996,"9273d490-b46d-48de-afa3-955b5c30eb93"
2012-07-25T05:30:00,2012,207,5,44.786945,-0.579722,0.2,0.2,90.0,0,94.7203348957235,127.208336,7.5581,65.63180830043441,98.6704746734944,-8.670474673494397,0.29530984003311755,7.382746000827938,0.0,0.0,0.0,0.0,0.0,0.0,-0.0,0.0,0.0,0.0,0.0,0.45,1.0,24.999999999999996,"9273d490-b46d-48de-afa3-955b5c30eb93"
2012-07-25T06:30:00,2012,207,6,44.786945,-0.579722,0.2,0.2,90.0,0,94.75834583738087,127.25,10.7478,76.4569936157815,88.2316393111438,1.7683606888562053,0.29530984003311755,7.382746000827938,0.0,0.0,0.0,0.0,0.0,1.0,-0.0,0.0,0.0,0.0,0.0,0.45,1.0,24.999999999999996,"9273d490-b46d-48de-afa3-955b5c30eb93"
2012-07-25T07:30:00,2012,207,7,44.786945,-0.579722,0.2,0.2,90.0,0,94.79742428132231,127.291664,56.2491,86.88506434207036,77.95703760103027,12.042962398969735,0.29530984003311755,7.382746000827938,0.020231862924009657,0.4545997682292079,0.7315839090565704,0.4200302504663548,0.20157666304826993,0.22452105640003528,0.17814738908531685,0.03444171704358301,0.0,0.04068804014694651,0.161867610759312,0.45,1.0,24.999999999999996,"9273d490-b46d-48de-afa3-955b5c30eb93"
2012-07-25T08:30:00,2012,207,8,44.786945,-0.579722,0.2,0.2,90.0,0,94.83893140437168,127.333336,193.4346,97.6261175116237,67.37731155661933,22.622688443380667,0.29530984003311755,7.382746000827938,0.10813687862501344,0.7065592458773087,1.1078233409872311,0.2150158070049021,0.10246660912446075,0.01,NaN,0.001361327594417356,0.0,0.03702131482916549,0.2627858144997771,0.45,1.0,24.999999999999996,"9273d490-b46d-48de-afa3-955b5c30eb93"
2012-07-25T09:30:00,2012,207,9,44.786945,-0.579722,0.2,0.2,90.0,0,94.87871181487523,127.375,420.5375,109.55555645737918,57.06374381192717,32.93625618807283,0.29530984003311755,7.382746000827938,0.23377675090423955,0.7025957265032293,1.0988640412983341,0.24812702615168178,0.12677487520082395,0.01,NaN,0.001361327594417356,0.0,0.039256524741486394,0.25893330550935556,0.45322053377377874,1.0,24.999999999999996,"9273d490-b46d-48de-afa3-955b5c30eb93"
2012-07-25T10:30:00,2012,207,10,44.786945,-0.579722,0.2,0.2,90.0,0,94.91367769116356,127.416664,621.6958,123.86716564667435,47.57317067286957,42.42682932713043,0.29530984003311755,7.382746000827938,0.3423748651498915,0.6960378468657061,1.0671666221972365,0.08803027542446484,0.04357300401256183,0.01,NaN,0.001361327594417356,0.0,0.0494444781808276,0.2431776272559699,0.4704255884392383,1.0,24.999999999999996,"9273d490-b46d-48de-afa3-955b5c30eb93"
2012-07-25T11:30:00,2012,207,11,44.786945,-0.579722,0.2,0.2,90.0,0,94.94527617498561,127.458336,856.8202,142.09305343811923,39.78290526665062,50.21709473334938,0.29530984003311755,7.382746000827938,0.5364086267286232,0.7912522739851441,1.212863998233043,0.21515032421370933,0.10806544479837536,0.01,NaN,0.001361327594417356,0.0,0.10115195161682929,0.2441463088794961,0.47654480221230905,1.0,24.999999999999996,"9273d490-b46d-48de-afa3-955b5c30eb93"
2012-07-25T12:30:00,2012,207,12,44.786945,-0.579722,0.2,0.2,90.0,0,94.97133635559436,127.5,1702.8011,165.2135904953136,35.040549851211715,54.959450148788285,0.29530984003311755,7.382746000827938,1.0817363714558257,0.8029091817608393,1.2493075960705182,0.4194438102368526,0.21335369890230219,0.01,NaN,0.001361327594417356,0.0,0.11624128229105855,0.24278156601338652,0.4792808163653066,1.0,24.999999999999996,"9273d490-b46d-48de-afa3-955b5c30eb93"
2012-07-25T13:30:00,2012,207,13,44.786945,-0.579722,0.2,0.2,90.0,0,94.98993074833263,127.541664,1372.3593,191.14522590949875,34.71352937547946,55.28647062452054,0.29530984003311755,7.382746000827938,0.8718177940800471,0.8029099006826868,1.2470395291196623,0.2195728580284715,0.11134487195437799,0.01,NaN,0.001361327594417356,0.0,0.11614705222364223,0.24229459139389817,0.4800536307073001,1.0,24.999999999999996,"9273d490-b46d-48de-afa3-955b5c30eb93"
2012-07-25T14:30:00,2012,207,14,44.786945,-0.579722,0.2,0.2,90.0,0,95.01178702913171,127.583336,991.5331,214.8741190103471,38.91974623279319,51.08025376720681,0.29530984003311755,7.382746000827938,0.5756834582928199,0.7338130789120729,1.128471247248228,0.21456090960717258,0.10878301605797197,0.01,NaN,0.001361327594417356,0.0,0.07279000306184932,0.242473224325956,0.4781374817410418,1.0,24.999999999999996,"9273d490-b46d-48de-afa3-955b5c30eb93"
2012-07-25T15:30:00,2012,207,15,44.786945,-0.579722,0.2,0.2,90.0,0,95.02978235289142,127.625,1667.8845,233.74892915278602,46.38685935724333,43.61314064275667,0.29530984003311755,7.382746000827938,0.9558934721012291,0.7243566260105081,1.1131154658525657,0.42127230663449455,0.21164439224104462,0.01,NaN,0.001361327594417356,0.0,0.03663478375487031,0.26447610357038204,0.4727745997615131,1.0,24.999999999999996,"9273d490-b46d-48de-afa3-955b5c30eb93"
2012-07-25T16:30:00,2012,207,16,44.786945,-0.579722,0.2,0.2,90.0,0,95.04453081609495,127.666664,1102.0426,248.49767780995714,55.71512725633791,34.28487274366209,0.29530984003311755,7.382746000827938,0.7014901372849407,0.8045112115864329,1.2685244163087135,0.34532635129055705,0.17202314967411836,0.01,NaN,0.001361327594417356,0.0,0.12374556169872578,0.24270023948962344,0.45963981414527433,1.0,24.999999999999996,"9273d490-b46d-48de-afa3-955b5c30eb93"
2012-07-25T17:30:00,2012,207,17,44.786945,-0.579722,0.2,0.2,90.0,0,95.07489074241987,127.708336,213.6272,260.6658946093453,65.96687476947918,24.033125230520824,0.29530984003311755,7.382746000827938,0.15169744689368952,0.8974921060565622,1.4758086890700997,0.3362516832857031,0.16138991086835938,0.01,NaN,0.001361327594417356,0.0,0.19713084839219977,0.24392018179894567,0.45,1.0,24.999999999999996,"9273d490-b46d-48de-afa3-955b5c30eb93"
2012-07-25T18:30:00,2012,207,18,44.786945,-0.579722,0.2,0.2,90.0,0,95.10877634363077,127.75,278.2294,271.5009374781646,76.55639257786535,13.443607422134647,0.29530984003311755,7.382746000827938,0.14596073855099786,0.6630433857884914,1.0273428505560698,0.10499687706229999,0.0492774141113549,0.01,NaN,0.001361327594417356,0.0,0.03471623596594414,0.24336310941216727,0.45,1.0,24.999999999999996,"9273d490-b46d-48de-afa3-955b5c30eb93"
2012-07-25T19:30:00,2012,207,19,44.786945,-0.579722,0.2,0.2,90.0,0,95.14555904052712,127.791664,138.3022,281.91290831593847,86.9697380310609,3.030261968939101,0.29530984003311755,7.382746000827938,0.097982721556499,0.8954252229513651,1.4727016742925534,0.013028140287823736,0.005029854299054779,0.0,NaN,0.0,0.0,0.19820998185860847,0.2425356227609424,0.45,1.0,24.999999999999996,"9273d490-b46d-48de-afa3-955b5c30eb93"
2012-07-25T20:30:00,2012,207,20,44.786945,-0.579722,0.2,0.2,90.0,0,95.18554773003099,127.833336,64.8694,292.6281457452036,97.43321759763965,-7.433217597639654,0.29530984003311755,7.382746000827938,0.022009984379984533,0.4288335620278804,0.6843655486968734,0.15088458670801783,0.07174833548362518,0.0,0.1561980507725374,0.0,0.0,0.022476654270084984,0.16265141346482817,0.45,1.0,24.999999999999996,"9273d490-b46d-48de-afa3-955b5c30eb93"
2012-07-25T21:30:00,2012,207,21,44.786945,-0.579722,0.2,0.2,90.0,0,95.22662113163905,127.875,11.6621,304.3022205413033,106.77328398599805,-16.77328398599805,0.29530984003311755,7.382746000827938,0.0,0.0,0.0,0.0,0.0,0.0,-0.0,0.0,0.0,0.0,0.0,0.45,1.0,24.999999999999996,"9273d490-b46d-48de-afa3-955b5c30eb93"
2012-07-25T22:30:00,2012,207,22,44.786945,-0.579722,0.2,0.2,90.0,0,95.26810845263726,127.916664,9.6463,317.539907754576,114.81520887088297,-24.81520887088297,0.29530984003311755,7.382746000827938,0.0,0.0,0.0,0.0,0.0,0.0,-0.0,0.0,0.0,0.0,0.0,0.45,1.0,24.999999999999996,"9273d490-b46d-48de-afa3-955b5c30eb93"
2012-07-25T23:30:00,2012,207,23,44.786945,-0.579722,0.2,0.2,90.0,0,95.30977440133947,127.958336,9.0377,332.75405084744773,120.91399905780276,-30.913999057802755,0.29530984003311755,7.382746000827938,0.0,0.0,0.0,0.0,0.0,0.0,-0.0,0.0,0.0,0.0,0.0,0.45,1.0,24.999999999999996,"9273d490-b46d-48de-afa3-955b5c30eb93"
