ageD,ageHour,ageMin,pip,piv,pp,pv,sfstone,af,ctcs,pif,tf,cv,ua,ux1,up1,khx,khp,ux,up,masfls,pasfls,rM,rG,w,s,pf1,pf2,pf,v,mSuc,mSor,mGlu,mFru,mSta,mSyn,"fruitIncidentPAR_umol_m2_s",fruitAbsorbedPAR_umol_s,"fruitAbsorbedRadiation_modelRad_s","fruitAbsorbedRadiation_m2_modelRad_m2_s",fruitLightArea_m2,fruitBerryCountEffective,fruitZ_m,fruitHeightBand4
34.083333333333336,818,49080,22.091233025867364,22.091233025867364,21.02445784944576,21.02445784944576,0.0,21.122313374943985,2.4140129135065522E-4,11.404926888558606,0.01228368863271844,0.09012880632877349,0.002419800179041836,0.0,0.0,0.005114536879205852,0.001604070582912728,0.03354761886279583,0.012235688019166155,1.1027879557787202E-4,1.4722143577771273E-6,2.465970548979893E-5,3.642491899084673E-4,6.836612085723654,0.8402741662553846,3.778883560373305,8.992059612274343,3.778883560373305,7.361783439633269,0.008950794629572698,0.043476532766072246,0.020799128784695017,0.05001220335090176,0.018995458746401635,0.23577168601809545,0.0,0.0,0.0,0.0,0.002105212725870405,1,0.40699813559335246,2
34.125,819,49140,21.998455141009984,21.998455141009984,20.918483880969237,20.918483880969237,0.0,21.189117836481827,2.4149514761505068E-4,11.40312935432067,0.011344114918458832,0.08931981884390115,0.002414777577253083,0.0,0.0,0.005128517532090283,0.001609143846889925,0.0333530541803798,0.012169925887948118,1.0870155756552285E-4,1.458792123194536E-6,2.4452966401839116E-5,3.6331832759982347E-4,6.870685045454653,0.8424140809247566,3.8197087111624315,9.118273679486494,3.8197087111624315,7.397193846032626,0.009041588346963298,0.043810385763111706,0.021156306242944397,0.04991394747827099,0.01920310902797396,0.23578137151228004,0.0,0.0,0.0,0.0,0.0021122313374943988,1,0.40699813559335246,2
34.166666666666664,820,49200,21.737662275469226,21.737662275469226,20.659448258079987,20.659448258079987,0.0,21.255835171197187,2.4155877850065043E-4,11.414673654453885,0.012552598045562094,0.08671478304415942,0.0023860980355374173,0.0,0.0,0.005142457664952967,0.0016142104942825448,0.033817154037598635,0.012281506495042022,1.0649881711730036E-4,1.4079376929830582E-6,2.5195752542369507E-5,3.587158430999199E-4,6.904782879428056,0.8445378056231135,3.7603911031279793,8.94787374457138,3.7603911031279793,7.432619007942502,0.009127447603235367,0.04412354722121445,0.021501399418803375,0.04983683126605452,0.01942011385566238,0.23579145710458257,0.0,0.0,0.0,0.0,0.002118911783648183,1,0.40699813559335246,2
34.208333333333336,821,49260,22.611858382608112,22.611858382608112,21.534405914423104,21.534405914423104,0.0,21.32641829386256,2.416525969700402E-4,11.352601977384227,0.005458312331966833,0.09600054754391313,0.002507730311199713,0.0,0.0,0.0051573131668676934,0.0016195707173181498,0.03182874141507776,0.011818817218760632,1.1346129243224489E-4,1.60542667743193E-6,2.119658336968274E-5,3.780103213502139E-4,6.940996264306666,0.8467054851224937,4.103575205828183,9.970848603496105,4.103575205828183,7.470187192508224,0.00923159695871155,0.044539212405172696,0.02185748395115176,0.04968912752703147,0.01959645248298936,0.23579951621373488,0.0,0.0,0.0,0.0,0.002125583517119719,1,0.40699813559335246,2
34.25,822,49320,22.58874300597069,22.58874300597069,21.291838825652906,21.291838825652906,0.0,21.401220048288685,2.417887912603328E-4,11.347746837441868,0.0038962624903643725,0.09591746076866985,0.00251239451965892,0.0,0.0,0.005173168056154917,0.0016252513116590873,0.030766096690631125,0.011492711747570371,1.102351728173212E-4,1.6065664588358943E-6,2.0791387184751777E-5,3.782783146987652E-4,6.979514953376807,0.8489298622510879,4.10359788242044,9.977877404706948,4.10359788242044,7.510096117283736,0.009358972790386949,0.04507455757861222,0.022222781261591423,0.049462653065871415,0.01972561810237409,0.23580526951109376,7.297737251326586,0.015563459722049358,0.04233561297449622,19.851253216148258,0.002132641829386256,1,0.40699813559335246,2
34.291666666666664,823,49380,22.067572091628968,22.067572091628968,20.065382646108343,20.065382646108343,0.0,21.471256768219124,2.4191495287399675E-4,11.415054729049412,0.007644847052810638,0.08993810517042874,0.0024440462731415385,0.0,0.0,0.005187850324736489,0.0016305700397818022,0.029661942750448936,0.011059880168127654,9.947046657334037E-5,1.4836500546062907E-6,2.4841459017076324E-5,3.661769386563329E-4,7.015536005612332,0.8511198041342981,3.695286538240762,8.77147246878898,3.695286538240762,7.547485883196268,0.009465838193390605,0.04551460759871329,0.02256466157937882,0.049317466472454566,0.01989629849440519,0.2358129455044189,63.95376225868378,0.13686885390140316,0.3664607309713725,171.23356992942837,0.0021401220048288686,1,0.40699813559335246,2
34.333333333333336,824,49440,21.655511099348665,21.655511099348665,18.99044048509961,18.99044048509961,0.0,21.528911372952322,2.4196514972832543E-4,11.488661735979854,0.0160246913204463,0.08498786340281367,0.0023838674374452107,0.0,0.0,0.005199521777044159,0.0016349484453939303,0.029870881414865453,0.011054889555814266,9.39531443502734E-5,1.3831426097713826E-6,3.0335840961759926E-5,3.558184104148669E-4,7.04491362879078,0.8532435792196303,3.0786625118064954,6.942541747882258,3.0786625118064954,7.578190865803048,0.009524814691164632,0.045654319788712275,0.02281933209150174,0.04943056126237441,0.020209435625716584,0.23582746369421662,101.98714223751726,0.2189792118038619,0.5848561031540835,272.39025151977296,0.0021471256768219125,1,0.40699813559335246,2
34.375,825,49500,21.704343755380897,21.704343755380897,18.756441681131808,18.756441681131808,0.0,21.575028020121135,2.41862779692292E-4,11.52441877102271,0.020593129042478144,0.08488069906756282,0.0023873654168991443,0.0,0.0,0.005208390042880989,0.0016384506355088544,0.030229990874285212,0.01117765368172644,9.487670584400574E-5,1.3866557274419318E-6,3.374807838827651E-5,3.559655718068322E-4,7.068047220923751,0.8553370583262994,2.7724216452510038,6.033613194613615,2.7724216452510038,7.602632882377688,0.009544538265532703,0.04544342730977554,0.022940271313627157,0.04986190844531195,0.020706068743773703,0.23585106777957288,126.26017237933036,0.2718244061088286,0.7331725697511987,340.55255142733984,0.002152891137295232,1,0.40699813559335246,2
34.416666666666664,826,49560,21.73204271367022,21.73204271367022,18.777334719224292,18.777334719224292,0.0,21.617765325488225,2.416297617802026E-4,11.52684298163409,0.019878032220237776,0.08501872477233409,0.0023942115892310795,0.0,0.0,0.0052164274148800305,0.001641696191670976,0.030070471770797646,0.011139059764253646,9.470286563196613E-5,1.3965034262365422E-6,3.458071998082144E-5,3.5681550471148584E-4,7.089352898125494,0.8574334766668446,2.8075629191439213,6.13927069525473,2.8075629191439213,7.6252488210422715,0.009549298433264,0.04505352350604307,0.022986929822954926,0.05045545153762439,0.02130480592987398,0.2358798647492031,128.9270689886299,0.27816051259817814,0.7335645877282906,340.0063198268661,0.0021575028020121138,1,0.40699813559335246,2
34.458333333333336,827,49620,21.76037065560466,21.76037065560466,18.962370286878183,18.962370286878183,0.0,21.662904832990513,2.4121754565488928E-4,11.5369573166995,0.01784701219408082,0.08498659267947077,0.002398742043515563,0.0,0.0,0.0052250294109948935,0.0016451241758517936,0.030172726646472338,0.011181898090757763,9.503114184225816E-5,1.4039284487545298E-6,3.661854432391486E-5,3.5722645881371997E-4,7.111994889025921,0.8595336234084575,2.9643049272627358,6.6069609490201024,2.9643049272627358,7.649203403656206,0.009545391136050047,0.04454446852072086,0.022985404450201835,0.051151592581163384,0.021974797502784877,0.23591238156626154,91.74011689106668,0.1983216317883938,0.5155739188554116,238.49547401993902,0.0021617765325488226,1,0.40699813559335246,2
34.5,828,49680,21.864467037532606,21.864467037532606,18.9102087548502,18.9102087548502,0.0,21.709650200341535,2.406610662555795E-4,11.527493413005047,0.017438022465287365,0.0858829159207642,0.0024159556286757196,0.0,0.0,0.0052340032336116935,0.0016486741122306457,0.02953167670764233,0.011006500008511303,9.452703148128666E-5,1.4321163130436057E-6,3.7112991157051744E-5,3.595865841907775E-4,7.13553561569309,0.8616419046145556,2.930961828312438,6.509322311431703,2.930961828312438,7.674061806077187,0.009534991252294053,0.04393418657020681,0.022945695576520382,0.05193066459825189,0.022707806424788413,0.2359482777228883,138.28250261322793,0.2995600694178119,0.7681960687076634,354.61360082133353,0.0021662904832990514,1,0.40699813559335246,2
34.541666666666664,829,49740,21.758046089127433,21.758046089127433,18.922434239514857,18.922434239514857,0.0,21.755836234588426,2.401441474330028E-4,11.508986771062325,0.01845542707797216,0.08499446189850568,0.0024088330619946134,0.0,0.0,0.005242826547445835,0.0016521815717385952,0.030189964188345138,0.01120714962894882,9.525456521285424E-5,1.4218985742092953E-6,3.659722189519671E-5,3.5873084757324925E-4,7.158791612803978,0.8637546203121046,2.915037521740639,6.463515471488707,2.915037521740639,7.698638250499044,0.00952745638742155,0.043355529847860674,0.02293245036818107,0.05266375006463189,0.02342821983858872,0.23598366894693407,96.28890165595386,0.20903983731258452,0.5346380125110477,246.26744677011737,0.0021709650200341536,1,0.40699813559335246,2
34.583333333333336,830,49800,21.828883008939705,21.828883008939705,18.86212257484678,18.86212257484678,0.0,21.80166725312777,2.396810239904266E-4,11.497784008138261,0.01786949781237951,0.08564478766098618,0.0024227527030829593,0.0,0.0,0.005251548700820795,0.0016556620706460253,0.029583298956697503,0.011037243094063844,9.45282341153784E-5,1.4441215416902249E-6,3.6686867902268703E-5,3.606380277285633E-4,7.181875648344549,0.865870413500525,2.897771243723471,6.413566214820502,2.897771243723471,7.723044656782378,0.009523995631566095,0.042826589130013935,0.022951930897723193,0.053335401547125356,0.024125905195579875,0.2360180019839345,121.230521359589,0.26374713693329926,0.7012204665205677,322.3137272037998,0.0021755836234588427,1,0.40699813559335246,2
34.625,831,49860,21.80968594094471,21.80968594094471,18.787269470557064,18.787269470557064,0.0,21.846396734293254,2.3927366953517117E-4,11.483951653947223,0.018962940005467256,0.08552733840867877,0.0024261776815631252,0.0,0.0,0.005259990020669382,0.0016590589166094799,0.029661638118069805,0.011068708245902907,9.466771558942709E-5,1.4494833551169764E-6,3.637586257933766E-5,3.6120190858787726E-4,7.2043718038983,0.867993473262881,2.822429785733158,6.190552350983356,2.822429785733158,7.7468677246876005,0.00952423955737184,0.04233630864911663,0.02299616924557245,0.05395898813727675,0.02480828330901765,0.2360516436475395,130.01031652646785,0.28344416603838707,0.7407212231234097,339.754393332988,0.002180166725312777,1,0.40699813559335246,2
34.666666666666664,832,49920,21.737649546950195,21.737649546950195,18.819355464968666,18.819355464968666,0.0,21.8907195481974,2.3892210399195892E-4,11.471480463980257,0.018807621478695337,0.08492396322637796,0.0024228854754680808,0.0,0.0,0.005268318045905173,0.001662424879450458,0.029987555061462615,0.011169287017462634,9.485401199358573E-5,1.4439035979811075E-6,3.6067293553473785E-5,3.607946466461962E-4,7.2266680530366925,0.8701170001471752,2.8611315743413592,6.307163088424977,2.8611315743413592,7.770491178128677,0.009528690467559034,0.041898971637145475,0.02307105739901201,0.054521068955839684,0.025465776475927446,0.23608407242869903,95.52113097197153,0.20867925237220772,0.5593327301951663,256.0297411962481,0.0021846396734293257,1,0.40699813559335246,2
34.708333333333336,833,49980,21.43467874975027,21.43467874975027,19.3309885693226,19.3309885693226,0.0,21.9422009938049,2.3862069432884235E-4,11.428489464594811,0.013258241390883729,0.08265071196779608,0.002395895772865384,0.0,0.0,0.005278352749448949,0.0016663344830530051,0.0313476442905691,0.011563570781974121,9.557373580201655E-5,1.4014952754045867E-6,3.2758078395278246E-5,3.5745230542143556E-4,7.252949789260003,0.8722295533691398,3.3858926254862225,7.87318784927796,3.3858926254862225,7.798093260115715,0.009547128350780682,0.04163902313585026,0.02323235365038255,0.05490561580007102,0.026023523572284046,0.2361113777612612,36.8496522947747,0.08066654038335018,0.21531674640763782,98.35983049052773,0.00218907195481974,1,0.40699813559335246,2
34.75,834,50040,21.422623196508205,21.422623196508205,19.379853340882295,19.379853340882295,0.0,22.00122738588612,2.3835126474429643E-4,11.414094735115244,0.011920507061432653,0.082653690225631,0.002400822860609198,0.0,0.0,0.005290184665431268,0.0016708170649308632,0.03123885493129584,0.011538516107129559,9.537009359821402E-5,1.4073889877962131E-6,3.212501796967533E-5,3.582314575114022E-4,7.283440717190331,0.874334502674293,3.4662654331856446,8.116200209518857,3.4662654331856446,7.829899781361764,0.009580342444522025,0.04154658770519372,0.023465929964577487,0.055130586010101394,0.02648790564848142,0.23613385415522326,22.98891227139236,0.05044273336878391,0.14369135330590765,65.4862989116165,0.00219422009938049,1,0.40699813559335246,2
34.791666666666664,835,50100,20.81681783016391,20.81681783016391,19.450979578099087,19.450979578099087,0.0,22.065509058457536,2.3802817209095598E-4,11.394475313553166,0.009446540594326303,0.07720252534523606,0.0023248803468970355,0.0,0.0,0.005303261000038466,0.0016756987432850225,0.03304271357832254,0.012019577462853532,9.279417337149776E-5,1.2950485577024721E-6,3.115945444910318E-5,3.4694676875565185E-4,7.316912988207058,0.8764090131603002,3.7979964088629363,9.110457122666288,3.7979964088629363,7.864668621432245,0.009616670038597465,0.041509994817308125,0.023722657171141654,0.05529657398168488,0.026918136139956333,0.23615454269401986,3.239871939164886,0.007128115923471846,0.01887658382676142,8.57978670720472,0.0022001227385886122,1,0.40699813559335246,2
34.833333333333336,836,50160,20.642996550814896,20.642996550814896,19.343860985672823,19.343860985672823,0.0,22.13456740304028,2.3762790311365972E-4,11.382923818729761,0.008892028106665447,0.07561527275964618,0.0023047777338431556,0.0,0.0,0.005317465014306093,0.0016809431716335403,0.03319935321046608,0.012051458551141151,9.112743254961083E-5,1.2662574894776473E-6,3.106096643770836E-5,3.437938271500608E-4,7.353126172491509,0.878440649632482,3.840333313847298,9.242273225202254,3.840333313847298,7.90215157851181,0.009652488896976298,0.04150155517338462,0.023991391474207893,0.055427106409526604,0.027327250129006136,0.23617410171439535,0.0,0.0,0.0,0.0,0.0022065509058457537,1,0.40699813559335246,2
34.875,837,50220,20.521385718196214,20.521385718196214,19.269136036779262,19.269136036779262,0.0,22.204729823637926,2.371973864103262E-4,11.372627916625348,0.008382851866241305,0.07448600342720747,0.002291344168224089,0.0,0.0,0.005331913211619533,0.0016862714457154947,0.03330147791330472,0.012074657890650417,8.993930090253445E-5,1.247338583781188E-6,3.113225258055243E-5,3.416562003180127E-4,7.390026340230886,0.8804567055641388,3.8746880689219827,9.350507140993226,3.8746880689219827,7.9403117812084725,0.009687207831449439,0.0414938118368135,0.02425638811590107,0.055554781070218544,0.02773684300506389,0.23619362148527798,0.0,0.0,0.0,0.0,0.002213456740304028,1,0.40699813559335246,2
34.916666666666664,838,50280,20.420352763340965,20.420352763340965,19.116136327414562,19.116136327414562,0.0,22.2754718739913,2.367366609217382E-4,11.363577800852532,0.007910900909635416,0.0735222590468824,0.0022802219496786884,0.0,0.0,0.005346479291734634,0.0016916437380365332,0.0330663755416308,0.011994394294756202,8.818549644495136E-5,1.232019975564041E-6,3.137461894678359E-5,3.397478837742833E-4,7.427320999683546,0.8824608554795309,3.87466041737928,9.356129507700116,3.87466041737928,7.978859034358252,0.009719997165492614,0.041476282773395365,0.024512923630974424,0.05568996434892038,0.02815378450003597,0.23621344804028574,0.0,0.0,0.0,0.0,0.0022204729823637926,1,0.40699813559335246,2
34.958333333333336,839,50340,20.36852716878034,20.36852716878034,19.060779436974894,19.060779436974894,0.0,22.346626349623502,2.3626560153097934E-4,11.348379755606924,0.007317254365280648,0.07309198020994663,0.0022775400140194837,0.0,0.0,0.0053611228860620365,0.0016970473507553743,0.03294695309950946,0.01196002079488211,8.741816032500731E-5,1.2282840641980951E-6,3.110278605610779E-5,3.3928566179481956E-4,7.46491353570644,0.8844580177881121,3.895099865759427,9.422980185293161,3.895099865759427,8.01769979682401,0.00975281221476353,0.04146279328367736,0.024766471811053768,0.05582111530081638,0.02857079370207902,0.23623321947862708,0.0,0.0,0.0,0.0,0.00222754718739913,1,0.40699813559335246,2
35.0,840,50400,20.596932591181023,20.596932591181023,19.517404896649925,19.517404896649925,0.0,22.420243820397893,2.3583783344205994E-4,11.31658484170105,0.005389217881141775,0.07550250268131495,0.0023205936253634742,0.0,0.0,0.0053763355164705914,0.0017026380082350477,0.03324297523259022,0.012107864145001278,9.141740450729559E-5,1.286613202030691E-6,2.934968099322416E-5,3.4638560132780173E-4,7.503921987114036,0.8864747567196306,4.053853898275011,9.904109981183895,4.053853898275011,8.057968710063806,0.009796561672910733,0.041529137640576586,0.025044581252000177,0.05588716371317896,0.02894786139426975,0.23625094720825024,0.0,0.0,0.0,0.0,0.00223466263496235,1,0.40699813559335246,2
