timestamp,year,dayOfYear,hourOfDay,scenario,fruitAge_h,totalFruitNumber,meanFruitFW,meanFruitFW_sd,meanFruitDW,meanFruitDW_sd,meanFruitSc,meanFruitSc_sd,diameter,vol,Afruit,unloadingPerFruit,sugarUptake_active,sugarUptake_passive,sugarUptake_massflow,maintenanceDM,growthCost,waterUptake,waterUptake_xylem,waterUptake_phloem,transpirationLost,"osmoticWaterPotential_fruit",turgorPressure_fruit,waterPotential_fruit,"osmoticWaterPotential_phloem",meanCpm,turgorPressure_phloem,waterPotential_phloem,Lphloem,Lxylem,"osmoticWaterPotential_partialContribution",cellWallExtensibility,elasticModulus,ro,malicAcid,tartaricAcid,malicConcentration_fruit,"tartaricConcentration_fruit",fruitIncidentPAR,fruitAbsorbedPAR,fruitAbsorbedRadiation,"fruitAbsorbedRadiation_m2",fruitLightArea_m2,fruitBerryCountEffective,totalFruitNumber_1,totalFruitNumber_2,totalFruitNumber_3,totalFruitNumber_4,meanFruitFW_1,meanFruitFW_2,meanFruitFW_3,meanFruitFW_4,meanFruitDW_1,meanFruitDW_2,meanFruitDW_3,meanFruitDW_4,meanFruitSc_1,meanFruitSc_2,meanFruitSc_3,meanFruitSc_4,simuuid,fruitIncidentPAR_mean_1,fruitIncidentPAR_mean_2,fruitIncidentPAR_mean_3,fruitIncidentPAR_mean_4,fruitAbsorbedPAR_sum_1,fruitAbsorbedPAR_sum_2,fruitAbsorbedPAR_sum_3,fruitAbsorbedPAR_sum_4,"fruitAbsorbedRadiation_sum_1","fruitAbsorbedRadiation_sum_2","fruitAbsorbedRadiation_sum_3","fruitAbsorbedRadiation_sum_4",fruitCount_1,fruitCount_2,fruitCount_3,fruitCount_4,fruitLightArea_sum_1,fruitLightArea_sum_2,fruitLightArea_sum_3,fruitLightArea_sum_4,mSuc,mSor,mGlu,mFru,mSta,mSyn
2021-11-01T01:30:00,2021,305,1,0,817.0,3,7638.8906,0.009302217,838.09094,0.0134268,0.04508809,2.0952411E-6,1.169762,7.324607,21.052109,1.029512774136349,2.4382565,0.0015084673295496333,0.12295531036685754,2.473081896886984E-5,3.6876772441077555E-4,0.050403491939605534,0.03704750685694444,0.013355985082661092,0.012735947429496727,11.405478570740433,4.1085413064001575,-7.296937264340276,22.299964322725927,0.41453505,22.267652516446333,-0.03231180627959418,0.0015987391321978473,0.005099713273382405,0.0,0.0,0.0,180.75500991694557,0.0,0.0,0.0,0.0,0.0,0.0,0.0,0.0,0.0,1.0,1,2,0,0,7638.882,7638.895,0.0,0.0,838.0792,838.09686,0.0,0.0,0.04508626,0.045089006,0.0,0.0,"f855c612-9d38-4c7f-b599-eaf0ad04dce1",0.0,0.0,0.0,0.0,0.0,0.0,0.0,0.0,0.0,0.0,0.0,0.0,1,2,0,0,0.0,0.0,0.0,0.0,0.008854936991612201,0.04313453006611583,0.020435026298647654,0.05011413412240882,0.01878620392306982,0.23576186002492502
2021-11-01T02:30:00,2021,305,2,0,818.0,3,7676.8604,0.02438412,840.23505,0.035831533,0.045101557,5.565909E-6,1.1707586,7.3617725,21.122267,1.0057248707363409,2.3943636,0.0014314628672030298,0.10766890863010334,2.4658557834918676E-5,3.6016833096529495E-4,0.04579416758577247,0.03358140311188349,0.01221276447388898,0.012283661037258498,11.40423734827617,3.778389911553171,-7.625847436722999,21.881602828184395,0.3969781,20.821643836361492,-1.0599589918229029,0.0016040669793481281,0.005114525389334869,0.0,0.0,0.0,180.75500991694557,0.0,0.0,0.0,0.0,0.0,0.0,0.0,0.0,0.0021052109124618363,1.0,1,2,0,0,7676.8374,7676.8716,0.0,0.0,840.20374,840.2507,0.0,0.0,0.045096714,0.04510398,0.0,0.0,"f855c612-9d38-4c7f-b599-eaf0ad04dce1",0.0,0.0,0.0,0.0,0.0,0.0,0.0,0.0,0.0,0.0,0.0,0.0,1,2,0,0,0.0021052093040305267,0.004210423433354982,0.0,0.0,0.008946085960284107,0.04346221520927554,0.020799108763221625,0.05001478607657558,0.018995458608240548,0.2357716860127935
2021-11-01T03:30:00,2021,305,3,0,819.0,3,7713.0576,0.03870254,842.35156,0.057162996,0.045122802,8.837892E-6,1.1717409,7.3971763,21.189043,1.0036628156114193,2.3906317,0.0014206006755619117,0.10627091456080448,2.4451152663577225E-5,3.594515095550587E-4,0.04553313760127316,0.03338468358110763,0.012148454020165523,0.011344074524593647,11.402031331635625,3.8192363238198723,-7.582795007815752,21.80228358380084,0.3938989,20.729128508358794,-1.0731550754420454,0.0016091381170872845,0.005128499270582243,0.0,0.0,0.0,180.75500991694557,0.0,0.0,0.0,0.0,0.0,0.0,0.0,0.0,0.002112226592340316,1.0,1,2,0,0,7713.022,7713.0757,0.0,0.0,842.3019,842.3764,0.0,0.0,0.04511514,0.045126636,0.0,0.0,"f855c612-9d38-4c7f-b599-eaf0ad04dce1",0.0,0.0,0.0,0.0,0.0,0.0,0.0,0.0,0.0,0.0,0.0,0.0,1,2,0,0,0.0021122223819808237,0.004224457395040126,0.0,0.0,0.009034165821622262,0.043787628823590156,0.021156254019686654,0.04991787399066472,0.019203108469682796,0.2357813714909358
2021-11-01T04:30:00,2021,305,4,0,820.0,3,7749.264,0.053150516,844.4526,0.07788599,0.04513779,1.1981163E-5,1.1727144,7.432595,21.255732,0.9912715400646895,2.3619409,0.0013710253648495504,0.10413478561827745,2.5193210496449255E-5,3.548573642646466E-4,0.0461076982797243,0.03384717054388974,0.012260527735834558,0.012552536825969234,11.413178255167962,3.759842775621406,-7.653335479546556,21.547882845793406,0.38245326,20.47648501300287,-1.071397832790538,0.0016142026217043828,0.005142432584952523,0.0,0.0,0.0,180.75500991694557,0.0,0.0,0.0,0.0,0.0,0.0,0.0,0.0,0.002118904238675521,1.0,1,2,0,0,7749.215,7749.2886,0.0,0.0,844.385,844.4863,0.0,0.0,0.045127425,0.04514297,0.0,0.0,"f855c612-9d38-4c7f-b599-eaf0ad04dce1",0.0,0.0,0.0,0.0,0.0,0.0,0.0,0.0,0.0,0.0,0.0,0.0,1,2,0,0,0.002118897602645397,0.004237815113381166,0.0,0.0,0.009117464621955467,0.04409268796355941,0.02150129879605007,0.049841903539063544,0.019420112364378597,0.2357914570476312
2021-11-01T05:30:00,2021,305,5,0,821.0,3,7787.6343,0.06326804,846.6013,0.09508357,0.045161538,1.45630365E-5,1.1737082,7.470159,21.326296,1.0464241518012,2.4915211,0.001578046640684109,0.11176258697748309,2.1193977375309983E-5,3.7540475452364276E-4,0.043658834925663074,0.03185429449764698,0.011804540428016097,0.005458280815133272,11.35079963482652,4.10359863986812,-7.2472009949584,22.47242083145356,0.4263278,21.401784547867255,-1.0706362835863068,0.0016195613657571481,0.005157283388032989,0.0,0.0,0.0,180.75500991694557,0.0,0.0,0.0,0.0,0.0,0.0,0.0,0.0,0.002125573150552014,1.0,1,2,0,0,7787.5757,7787.6636,0.0,0.0,846.51904,846.64246,0.0,0.0,0.04514896,0.045167826,0.0,0.0,"f855c612-9d38-4c7f-b599-eaf0ad04dce1",0.0,0.0,0.0,0.0,0.0,0.0,0.0,0.0,0.0,0.0,0.0,0.0,1,2,0,0,0.0021255640820818916,0.00425115536957415,0.0,0.0,0.009219570155218529,0.04450167604603819,0.021857324433257098,0.04969502805119381,0.01959644972799269,0.23579951610952335
2021-11-01T06:30:00,2021,305,6,0,822.0,3,7828.3735,0.0673051,848.81134,0.10813972,0.04519708,1.650424E-5,1.1747285,7.5100694,21.401089,1.0478891100329384,2.4981337,0.001582663650619473,0.10879478802811875,2.0788485459876672E-5,3.759938870439645E-4,0.0422710770811352,0.0307902268583725,0.0114808502227627,0.003896238752563043,11.345701140197997,4.103796572507486,-7.241904567690511,22.467137084199845,0.42670858,21.1771780548274,-1.2899590293724437,0.0016252414098896757,0.005173136538864728,0.0,0.0,0.0,180.75500991694557,0.0,0.0,0.0,0.0,8.114969567204435,0.01730621973426701,0.045056377161476834,21.127148981237298,0.0021326295153020675,1.0,1,2,0,0,7828.3105,7828.405,0.0,0.0,848.71796,848.85803,0.0,0.0,0.04518286,0.045204192,0.0,0.0,"f855c612-9d38-4c7f-b599-eaf0ad04dce1",8.15054419700988,8.097182252301714,0.0,0.0,0.017382003208322505,0.03453665599447853,0.0,0.0,0.04398020118631623,0.09118893029811427,0.0,0.0,1,2,0,0,0.002132618729274456,0.004265269816631746,0.0,0.0,0.009345473399790916,0.04503196930990041,0.022222558911142377,0.049469087320882225,0.01972561398467437,0.23580526935730284
2021-11-01T07:30:00,2021,305,7,0,823.0,3,7866.5796,0.07206449,850.9831,0.12468435,0.04522712,1.8969582E-5,1.1757295,7.547461,21.471117,1.0115305639820766,2.4192545,0.001444559930963851,0.09722135396796605,2.4837470362340893E-5,3.622428442188274E-4,0.04073984396442528,0.02970011309738395,0.011039730867041332,0.007644797571855231,11.412671138802104,3.695387387867484,-7.7172837509346195,21.868106890999385,0.39654654,19.875796609465556,-1.992310281533829,0.0016305594859848628,0.0051878167465904765,0.0,0.0,0.0,180.75500991694557,0.0,0.0,0.0,0.0,65.87773972881767,0.140985540142998,0.36287173599599387,169.5575777622854,0.002140108966233267,1.0,1,2,0,0,7866.512,7866.6133,0.0,0.0,850.87555,851.03687,0.0,0.0,0.04521079,0.045235284,0.0,0.0,"f855c612-9d38-4c7f-b599-eaf0ad04dce1",63.469486329379315,67.08186642853686,0.0,0.0,0.13583088613159824,0.28712573429739574,0.0,0.0,0.3401094611840049,0.7485057468039766,0.0,0.0,1,2,0,0,0.002140097454494817,0.0042802294442049835,0.0,0.0,0.009450459249528198,0.04546568184211664,0.022564360673335174,0.04932454519791337,0.019896291941640557,0.23581294526044827
2021-11-01T08:30:00,2021,305,8,0,824.0,3,7898.075,0.07767788,853.08136,0.14800046,0.045235258,2.247423E-5,1.1766951,7.5781703,21.528763,0.9828197874158935,2.353647,0.0013383191802881498,0.09140258773183434,3.0330074048141838E-5,3.5105114290882736E-4,0.040952687822596784,0.02991975342870654,0.011032934393890243,0.0160245804260185,11.485796721788716,3.0791595096293896,-8.406637212159326,21.424434096574867,0.37303993,18.772164681722273,-2.6522694148525936,0.0016349371311870787,0.0051994857951970985,0.0,0.0,0.0,180.75500991694557,0.0,0.0,0.0,0.0,103.31674415662341,0.22183261258458456,0.569768940758212,265.3652388702315,0.0021471117796400415,1.0,1,2,0,0,7898.002,7898.112,0.0,0.0,852.9536,853.1452,0.0,0.0,0.04521591,0.045244932,0.0,0.0,"f855c612-9d38-4c7f-b599-eaf0ad04dce1",97.49875482170116,106.22573882408454,0.0,0.0,0.20933951936657283,0.4561583183871809,0.0,0.0,0.5255635325017652,1.1837432897728708,0.0,0.0,1,2,0,0,0.00214709941423763,0.004294235924682494,0.0,0.0,0.009506780933876455,0.045596723213605396,0.02281891746047802,0.04943833151098057,0.020209423107439575,0.23582746321998418
2021-11-01T09:30:00,2021,305,9,0,825.0,3,7923.302,0.078826666,855.14667,0.17371517,0.045209624,2.6370299E-5,1.1776439,7.602622,21.574879,0.984507255736666,2.3569381,0.001341781835216597,0.09230946820845136,3.374056834309538E-5,3.5116607973873453E-4,0.041441405291130454,0.030284276676038297,0.011157128615092153,0.020592986042835548,11.521027709521727,2.7734124609759223,-8.747615248545804,21.47152206828633,0.37254828,18.538465050044334,-2.933057018241996,0.0016384392580316967,0.005208353875579114,0.0,0.0,0.0,180.75500991694557,0.0,0.0,0.0,0.0,132.63892604389488,0.28555514909344526,0.7406589583149582,344.0323025757634,0.0021528762388097634,1.0,1,2,0,0,7923.2266,7923.3394,0.0,0.0,854.9967,855.2217,0.0,0.0,0.045186903,0.045220982,0.0,0.0,"f855c612-9d38-4c7f-b599-eaf0ad04dce1",134.72139805809493,131.59769003679483,0.0,0.0,0.2900366918548515,0.5666287554254843,0.0,0.0,0.7364526280301738,1.485524246914701,0.0,0.0,1,2,0,0,0.0021528628416532694,0.00430576587477602,0.0,0.0,0.009523688545402182,0.045376795432436945,0.022939695206673147,0.049869859224352386,0.02070604338092126,0.2358510667941693
2021-11-01T10:30:00,2021,305,10,0,826.0,3,7946.705,0.078289494,857.21497,0.19946589,0.04515799,3.0262347E-5,1.1785926,7.62525,21.617619,0.9872675926188746,2.363955,0.001352013175794237,0.09215966502185091,3.457190822055841E-5,3.5204456287955913E-4,0.041240173978741426,0.030122164409366384,0.011118009569375045,0.01987789680099299,11.522937459796717,2.8083275490095656,-8.714609910787152,21.50088616484098,0.3732522,18.560797286843894,-2.9400888779970877,0.0016416850076032578,0.005216391877928828,0.0,0.0,0.0,180.75500991694557,0.0,0.0,0.0,0.0,135.36225889945936,0.2920423751762828,0.7375652617288085,341.8630060454309,0.002157487820212653,1.0,1,2,0,0,7946.63,7946.743,0.0,0.0,857.0426,857.30115,0.0,0.0,0.045131896,0.045171037,0.0,0.0,"f855c612-9d38-4c7f-b599-eaf0ad04dce1",138.94222455937668,133.57227606950073,0.0,0.0,0.299764247702784,0.5763628778260643,0.0,0.0,0.7375381623114932,1.4751576228749326,0.0,0.0,1,2,0,0,0.0021574740771095136,0.004314989383528445,0.0,0.0,0.009525760304277838,0.04497833376934366,0.022986143787371446,0.0504630299942903,0.021304759447364197,0.23587986291311172
2021-11-01T11:30:00,2021,305,11,0,827.0,3,7971.444,0.08206078,859.2874,0.22482266,0.0450722,3.4032415E-5,1.1795416,7.6492114,21.662752,0.9895555779451302,2.3692632,0.001360807054516548,0.0925435438129311,3.660805566208298E-5,3.5257703692913165E-4,0.04137791340951144,0.030218029385327652,0.011159884024183789,0.01784688581074233,11.532540403879176,2.96456245123672,-8.567977952642456,21.535506332183093,0.37340048,18.750891722687186,-2.7846146094959074,0.0016451125259306018,0.005224992410030615,0.0,0.0,0.0,180.75500991694557,0.0,0.0,0.0,0.0,96.86909943369882,0.20940787283224335,0.522859489164001,241.86731345461115,0.00216176180542985,1.0,1,2,0,0,7971.3643,7971.484,0.0,0.0,859.09296,859.3846,0.0,0.0,0.045042835,0.045086883,0.0,0.0,"f855c612-9d38-4c7f-b599-eaf0ad04dce1",101.454044638501,94.57662683129774,0.0,0.0,0.2193180776867151,0.40890554081001496,0.0,0.0,0.5296273957207493,1.0389510717712538,0.0,0.0,1,2,0,0,0.0021617479960329314,0.004323537420256619,0.0,0.0,0.00951933587365766,0.044461334596504996,0.022984357595068228,0.051158261401577594,0.02197471912771005,0.23591237843545787
2021-11-01T12:30:00,2021,305,12,0,828.0,3,7997.088,0.08754345,861.368,0.25014555,0.044958986,3.7752325E-5,1.1804928,7.674075,21.709488,0.9959675167101921,2.3857546,0.0013876168849480744,0.09200373578977583,3.710119488435891E-5,3.548270276478286E-4,0.040565056461228446,0.029580591736174777,0.01098446472505367,0.01743789163806795,11.522579341753726,2.9314470009780593,-8.591132340775667,21.632516995266638,0.37715036,18.693046023016198,-2.93947097225044,0.001648661743199108,0.005233963965965901,0.0,0.0,0.0,180.75500991694557,0.0,0.0,0.0,0.0,138.7868697123295,0.3006505676287736,0.74884597562603,345.6836218507621,0.002166275142746782,1.0,1,2,0,0,7997.002,7997.1304,0.0,0.0,861.15155,861.4762,0.0,0.0,0.04492639,0.044975284,0.0,0.0,"f855c612-9d38-4c7f-b599-eaf0ad04dce1",133.48374328316302,141.43843292691275,0.0,0.0,0.2891605721034374,0.6127911307828835,0.0,0.0,0.7061989882936082,1.540338938584482,0.0,0.0,1,2,0,0,0.002166260587179013,0.004332564841061332,0.0,0.0,0.009506534161312237,0.04384357698551924,0.02294433232249458,0.051935924300112214,0.02270768207385608,0.23594827271423244
2021-11-01T13:30:00,2021,305,13,0,829.0,3,8022.449,0.09475263,863.4527,0.27573782,0.04485356,4.147574E-5,1.1814445,7.6986547,21.755661,0.9934128725371355,2.3786817,0.0013781292096651067,0.09272110534038025,3.6584432484738845E-5,3.5397729725101184E-4,0.04141729680249702,0.03023326844565361,0.011184028356843408,0.0184552779877388,11.503582069376963,2.9150333548960474,-8.588548714480915,21.530180277536726,0.37330863,18.708275302767404,-2.8219049747693212,0.0016521682247629306,0.0052427841938210646,0.0,0.0,0.0,180.75500991694557,0.0,0.0,0.0,0.0,94.81658524865105,0.20584196184880968,0.5161146836792802,237.73688443031747,0.0021709487325613287,1.0,1,2,0,0,8022.3564,8022.4956,0.0,0.0,863.21405,863.5721,0.0,0.0,0.04481774,0.04487147,0.0,0.0,"f855c612-9d38-4c7f-b599-eaf0ad04dce1",93.21583918313665,95.61695828140824,0.0,0.0,0.20236535544882414,0.4151605300976049,0.0,0.0,0.4953496669933457,1.0529943840444949,0.0,0.0,1,2,0,0,0.002170933150655295,0.004341913047028692,0.0,0.0,0.009496640497193022,0.043257541081295724,0.0229307192096929,0.052667396629513426,0.02342803715522659,0.23598366155968134
2021-11-01T14:30:00,2021,305,14,0,830.0,3,8047.6396,0.10392,865.5401,0.30170307,0.04475868,4.5216722E-5,1.1823957,7.7230625,21.801476,0.9982967956839978,2.39161,0.0013986974040285764,0.0919431469797338,3.6672874818376076E-5,3.557328455391679E-4,0.04064408547282877,0.029630194607381796,0.011013890865446978,0.01786934006142593,11.491879804173985,2.8979656757578867,-8.593914128416099,21.59272341700752,0.3758942,18.64104134489065,-2.9516820721168706,0.0016556474545514272,0.005251502340434845,0.0,0.0,0.0,180.75500991694557,0.0,0.0,0.0,0.0,127.46263886462707,0.2773033273985164,0.7047470098248221,323.93731688042334,0.0021755660482345607,1.0,1,2,0,0,8047.538,8047.691,0.0,0.0,865.27893,865.6707,0.0,0.0,0.044719625,0.044778213,0.0,0.0,"f855c612-9d38-4c7f-b599-eaf0ad04dce1",131.94321865272795,125.2223489705766,0.0,0.0,0.2870489586036609,0.5448610235918883,0.0,0.0,0.7082275524284086,1.4060134770460577,0.0,0.0,1,2,0,0,0.0021755491607277546,0.004351148983975928,0.0,0.0,0.009490841219683716,0.04272122079522179,0.022949782431327573,0.05333729760999395,0.024125651257443,0.2360179917001425
2021-11-01T15:30:00,2021,305,15,0,831.0,3,8072.25,0.112833105,867.6341,0.32828698,0.044674646,4.9028895E-5,1.1833484,7.7468877,21.846188,0.99949522212481,2.3944912,0.0014034958112276715,0.09204339220899063,3.636080242115573E-5,3.562120863763566E-4,0.0407526954707257,0.02970794209127281,0.01104475337945289,0.018962758986400912,11.47754156770272,2.8225116648780304,-8.65502990282469,21.570952086765924,0.3752521,18.563884599311265,-3.007067487454659,0.0016590430793344574,0.005259939809126116,0.0,0.0,0.0,180.75500991694557,0.0,0.0,0.0,0.0,127.98276834615757,0.2790212867984719,0.708040871292615,324.767390492539,0.0021801474789196504,1.0,1,2,0,0,8072.139,8072.305,0.0,0.0,867.3499,867.7761,0.0,0.0,0.044632297,0.04469582,0.0,0.0,"f855c612-9d38-4c7f-b599-eaf0ad04dce1",134.13491905569606,124.90669299138833,0.0,0.0,0.29243142240417064,0.544632437991245,0.0,0.0,0.7213289867287753,1.4027936271490695,0.0,0.0,1,2,0,0,0.0021801289661400255,0.004360313470618925,0.0,0.0,0.009488735526911918,0.04222347915981237,0.022993553606085206,0.0539589992623758,0.024807943516943116,0.23605162988334824
2021-11-01T16:30:00,2021,305,16,0,832.0,3,8096.6567,0.125502,869.7282,0.35513502,0.044601563,5.283114E-5,1.1842997,7.770509,21.890488,0.998196837533374,2.3910863,0.001398271915541692,0.09221811274069448,3.605117874170441E-5,3.55786983370369E-4,0.041172607985226956,0.03002858288875,0.011144025096476953,0.018807421964691817,11.46456539419347,2.8607301010953683,-8.6038352930981,21.501004724516367,0.3726148,18.597072404573886,-2.9039323199424807,0.0016624072442038308,0.005268262158815658,0.0,0.0,0.0,180.75500991694557,0.0,0.0,0.0,0.0,94.6678431692651,0.20681315711931084,0.5390374558865466,246.74206243383537,0.0021846188189925202,1.0,1,2,0,0,8096.5337,8096.7183,0.0,0.0,869.42084,869.8819,0.0,0.0,0.044555936,0.044624377,0.0,0.0,"f855c612-9d38-4c7f-b599-eaf0ad04dce1",94.78665290271132,94.60843830254197,0.0,0.0,0.20707080005342196,0.41336867130451055,0.0,0.0,0.5268517930816161,1.0902605745780236,0.0,0.0,1,2,0,0,0.0021845987141877314,0.004369257742789829,0.0,0.0,0.009490866428837999,0.04177868720474587,0.023067926801000404,0.05451909474383038,0.025465336673314406,0.2360840546269102
2021-11-01T17:30:00,2021,305,17,0,833.0,3,8125.0254,0.14941218,871.8117,0.3816228,0.044539556,5.6455716E-5,1.1852447,7.798096,21.941923,0.9880470694298626,2.3650644,0.001358685170079145,0.09298953611460167,3.274238748904545E-5,3.525931205714959E-4,0.042907550587260555,0.031371911462107084,0.011535639125153471,0.013258073029653664,11.421134366983827,3.384128109511611,-8.037006257472216,21.21384818108756,0.36297604,19.120421580896075,-2.093426600191485,0.0016663133229221107,0.005278285721708587,0.0,0.0,0.0,180.75500991694557,0.0,0.0,0.0,0.0,34.69686983708183,0.0759531629085918,0.19778355357167307,90.35133031782449,0.002189048732823796,1.0,1,2,0,0,8124.8804,8125.0977,0.0,0.0,871.4815,871.97687,0.0,0.0,0.044490803,0.04456393,0.0,0.0,"f855c612-9d38-4c7f-b599-eaf0ad04dce1",33.76623361415239,35.162187948546546,0.0,0.0,0.07391517843023601,0.1539443102955394,0.0,0.0,0.1904176382833992,0.40293302243161994,0.0,0.0,1,2,0,0,0.0021890264479854826,0.004378119750485906,0.0,0.0,0.009507043680862817,0.04151113017055916,0.02322867412320968,0.054901944459461456,0.02602298332828294,0.23611135595999033
2021-11-01T18:30:00,2021,305,18,0,834.0,3,8157.5845,0.1828551,873.88806,0.4077398,0.044485368,5.9907517E-5,1.1861849,7.829877,22.000883,0.9898959296223543,2.3698664,0.00136454415154028,0.09278711265942807,3.210861519047445E-5,3.533543730009409E-4,0.042771088243705915,0.03126110001937595,0.011509988224329961,0.011920320638633778,11.406290434301232,3.464320183166373,-7.941970251134858,21.202178322523118,0.3629928,19.16956494498618,-2.0326133775369364,0.0016707909353046613,0.00529010193312577,0.0,0.0,0.0,180.75500991694557,0.0,0.0,0.0,0.0,34.40552916766606,0.07549219962826154,0.19881459352580785,90.60961218486743,0.002194192235836294,1.0,1,2,0,0,8157.41,8157.672,0.0,0.0,873.5353,874.0644,0.0,0.0,0.04443365,0.04451123,0.0,0.0,"f855c612-9d38-4c7f-b599-eaf0ad04dce1",38.4385236575064,32.389031922745886,0.0,0.0,0.08434050272094508,0.14213609616383954,0.0,0.0,0.21672701320562537,0.37971676737179816,0.0,0.0,1,2,0,0,0.0021941660265735723,0.004388410680935309,0.0,0.0,0.009538045550538478,0.04141089942820445,0.023461679457588702,0.055125538576606126,0.026487268076358914,0.2361338285423857
2021-11-01T19:30:00,2021,305,19,0,835.0,3,8193.093,0.21843371,875.93744,0.4306124,0.044422116,6.2806714E-5,1.1871114,7.8646164,22.065096,0.9617607773622429,2.3017268,0.001265826839457255,0.09093218220252701,3.1142689175137654E-5,3.433102568007997E-4,0.04504612067666981,0.03304875504013881,0.011997365636531003,0.009446363515310884,11.386297647915091,3.795737500016056,-7.590560147899035,20.66486795479511,0.3412902,19.306204488822292,-1.3586634659728176,0.0016756673316713595,0.0053031615883832655,0.0,0.0,0.0,180.75500991694557,0.0,0.0,0.0,0.0,3.450119481867197,0.007590565177247502,0.019599038457031575,8.9082974264568,0.002200088331240277,1.0,1,2,0,0,8192.887,8193.196,0.0,0.0,875.56506,876.1236,0.0,0.0,0.044367917,0.044449218,0.0,0.0,"f855c612-9d38-4c7f-b599-eaf0ad04dce1",3.4321629798084414,3.459097732896575,0.0,0.0,0.0075509532845192805,0.015220742247223227,0.0,0.0,0.019297535015967694,0.039499580355127024,0.0,0.0,1,2,0,0,0.0022000567365075187,0.004400208257213312,0.0,0.0,0.009572622485986436,0.04136774460728183,0.02371781065413857,0.055289965574923695,0.026917395919716845,0.2361545130984092
2021-11-01T20:30:00,2021,305,20,0,836.0,3,8231.299,0.25417224,877.94885,0.44894278,0.044345174,6.497795E-5,1.1880194,7.902068,22.134085,0.954145108021836,2.2841992,0.0012411843514704341,0.08951374659999686,3.104357885754694E-5,3.405682118461893E-4,0.04523314891344368,0.03320161591174469,0.01203153300169899,0.008891833922994589,11.374450424241997,3.8381142190609907,-7.536336205181007,20.511928040267716,0.33501375,19.219608659724344,-1.292319380543372,0.0016809064632795346,0.005317348891767597,0.0,0.0,0.0,180.75500991694557,0.0,0.0,0.0,0.0,0.0,0.0,0.0,0.0,0.0022065095432053272,1.0,1,2,0,0,8231.061,8231.417,0.0,0.0,877.5609,878.1428,0.0,0.0,0.04428914,0.044373192,0.0,0.0,"f855c612-9d38-4c7f-b599-eaf0ad04dce1",0.0,0.0,0.0,0.0,0.0,0.0,0.0,0.0,0.0,0.0,0.0,0.0,1,2,0,0,0.0022064722798367468,0.0044130563497792345,0.0,0.0,0.009607313035040884,0.04135452088441268,0.02398592823130617,0.055418640482273934,0.027326400220182734,0.2361740678949696
2021-11-01T21:30:00,2021,305,21,0,837.0,3,8270.178,0.28847104,879.9469,0.46529865,0.044262834,6.683534E-5,1.18892,7.9401975,22.20418,0.949146649187103,2.2727642,0.0012253677035725123,0.08851351684769196,3.1114227007111724E-5,3.387488365901802E-4,0.04535836159425961,0.03330167901794022,0.012056682576319385,0.008382644210172742,11.363894949231886,3.872578847515566,-7.49131610171632,20.405900079688223,0.33058026,19.160466582869972,-1.2454334968182508,0.001686229674191372,0.005331781131970137,0.0,0.0,0.0,180.75500991694557,0.0,0.0,0.0,0.0,0.0,0.0,0.0,0.0,0.0022134084029449956,1.0,1,2,0,0,8269.909,8270.312,0.0,0.0,879.54504,880.1478,0.0,0.0,0.044205233,0.044291634,0.0,0.0,"f855c612-9d38-4c7f-b599-eaf0ad04dce1",0.0,0.0,0.0,0.0,0.0,0.0,0.0,0.0,0.0,0.0,0.0,0.0,1,2,0,0,0.0022133655032426105,0.004426859705592377,0.0,0.0,0.009641189164720511,0.04134284471559438,0.024250286287509276,0.05554425977911568,0.027735871172608267,0.23619358298865065
2021-11-01T22:30:00,2021,305,22,0,838.0,3,8309.44,0.3209306,881.9349,0.47992668,0.044174965,6.8423455E-5,1.1898146,7.9787154,22.274858,0.9448678523769427,2.2636805,0.0012130803766293142,0.08695256674252949,3.135592006511899E-5,3.3716526044157103E-4,0.045042987987405296,0.03306464235961709,0.011978345627788203,0.007910683265382154,11.354615770718354,3.8726685993694745,-7.48194717134888,20.320007443282787,0.3268751,19.02260719195509,-1.2974002513276979,0.0016915971976307871,0.00534633219970222,0.0,0.0,0.0,180.75500991694557,0.0,0.0,0.0,0.0,0.0,0.0,0.0,0.0,0.002220417977850147,1.0,1,2,0,0,8309.145,8309.589,0.0,0.0,881.5207,882.14197,0.0,0.0,0.044116035,0.044204433,0.0,0.0,"f855c612-9d38-4c7f-b599-eaf0ad04dce1",0.0,0.0,0.0,0.0,0.0,0.0,0.0,0.0,0.0,0.0,0.0,0.0,1,2,0,0,0.0022203696995342238,0.004440884234016217,0.0,0.0,0.009673387713441131,0.041322167525707484,0.02450616167891267,0.055677184264373646,0.028152676046155355,0.23621340431514184
2021-11-01T23:30:00,2021,305,23,0,839.0,3,8348.996,0.3521127,883.91736,0.49321696,0.044085454,6.9801354E-5,1.1907055,8.017528,22.345953,0.9439697986218955,2.2621121,0.0012109663215206727,0.0862868249033448,3.108377504724301E-5,3.368798727908311E-4,0.04488879408523358,0.0329438681375565,0.01194492594767708,0.007317034042882438,11.339224835834438,3.8931515407026756,-7.446073295131763,20.276446554253976,0.32528034,18.975515007047232,-1.3009315472067442,0.0016969962526899621,0.005360961462747717,0.0,0.0,0.0,180.75500991694557,0.0,0.0,0.0,0.0,0.0,0.0,0.0,0.0,0.0022274859032483433,1.0,1,2,0,0,8348.673,8349.158,0.0,0.0,883.49194,884.13007,0.0,0.0,0.04402537,0.044115495,0.0,0.0,"f855c612-9d38-4c7f-b599-eaf0ad04dce1",0.0,0.0,0.0,0.0,0.0,0.0,0.0,0.0,0.0,0.0,0.0,0.0,1,2,0,0,0.0022274325554674872,0.004455025154277542,0.0,0.0,0.009705798651107577,0.04130610431203565,0.02475903093407525,0.05580596963762171,0.02856953590214487,0.23623317005775626
2021-11-02T00:30:00,2021,306,0,0,840.0,3,8389.986,0.38449657,885.9193,0.5066422,0.04400535,7.116618E-5,1.1916037,8.057767,22.419508,0.9622627127457911,2.3037822,0.001266879898151515,0.09012562741509997,2.9331291759650626E-5,3.437550408046436E-4,0.04533075907470364,0.033239911416268954,0.012090847658434684,0.005389041206819666,11.307269542634844,4.05172197153457,-7.255547571100274,20.493673530783386,0.3356507,19.420962020850993,-1.0727115099323932,0.0017025821907820265,0.005376159264470069,0.0,0.0,0.0,180.10994349609385,0.0,0.0,0.0,0.0,0.0,0.0,0.0,0.0,0.0022345953493103352,1.0,1,2,0,0,8389.634,8390.163,0.0,0.0,885.4825,886.1377,0.0,0.0,0.043944124,0.044035964,0.0,0.0,"f855c612-9d38-4c7f-b599-eaf0ad04dce1",0.0,0.0,0.0,0.0,0.0,0.0,0.0,0.0,0.0,0.0,0.0,0.0,1,2,0,0,0.0022345371436129986,0.004469248904318008,0.0,0.0,0.00974908751785081,0.04136959001059132,0.025036452399122403,0.05586993921644389,0.028946456917019987,0.23625089225263915
