timestamp,year,dayOfYear,hourOfDay,scenario,simuuid,plantAge_days,plantAge_Td,degreeDay,Ta,rh,incomingRadiation,cca,wind,rainfall,soilWaterContent,soilWaterPotential,meanSoilWaterPotential,totalSoilAvailableWater,soilNContent,leafArea,leafNumber,totalFruitNumber,AbsorbedTotRad,AbsorbedPAR,fabsTotRad,fabsPAR,fPARLow,fPARMid,fPARUp,meanPAnet,meanAnet,carbonAssimilation,waterFlux_optimized,WUE,waterFluxPotential,xylemWaterPotential,leaf_waterPotential,"potentialSupplyDemandRatio",phloemSugarConcentration,biomassPlant,biomassLeaf,biomassInternode,biomassFlower,biomassFruit,biomassFineRoot,biomassStructuralRoot,biomassCordon,biomassTrunk,leafNSC,fineRootNSC,structuralRootNSC,internodeNSC,cordonNSC,trunkNSC,totalUnloading,fraction_leafUnloading,fraction_fruitUnloading,"fraction_fineRootUnloading","fraction_structuralRootUnloading","fraction_internodeUnloading","fraction_perennielWoodUnloading",fraction_flowerUnloading,"fraction_petioleUnloading",fraction_leafLoading,"fraction_internodeLoading","fraction_perennielWoodLoading",fraction_fineRootLoading,"fraction_structuralRootLoading",totalLeakage,internodeLeakage,structuralRootLeakage,maintenanceDM,maintenanceLeaf,maintenanceInternode,maintenanceFruit,maintenanceFineRoot,"maintenanceStructuralRoot",growthCost,growthCostLeaf,growthCostInternode,growthCostFruit,growthCostFineRoot,growthCostStructuralRoot,"previousDailyNetCarbonBalance",cordonStructureDM_SEC,trunkStructureDM_SEC,"perennielWoodStructureDM_SEC","structuralRootStructureDM_SEC",cordonMaintenanceDM,trunkMaintenanceDM,"perennielWoodMaintenanceDM","structuralRootMaintenanceDM",cordonReserveDM,trunkReserveDM,perennielWoodReserveDM,structuralRootReserveDM,sumRootConductance,sumNuptakeCostRoot,totalNitrogen,plantNitrogenCommonPool,plantNitrogenContent,meanLeafNcontent,NDegradation,NSynthesis,Nuptake,fPAR_1,fPAR_2,fPAR_3,fPAR_4,fs_1,fs_2,fs_3,fs_4,cumLAI_1,cumLAI_2,cumLAI_3,cumLAI_4,intWaterPotential_1,intWaterPotential_2,intWaterPotential_3,intWaterPotential_4,meanAnet_1,meanAnet_2,meanAnet_3,meanAnet_4,meanLeafWaterPotential_1,meanLeafWaterPotential_2,meanLeafWaterPotential_3,meanLeafWaterPotential_4,meanGs_1,meanGs_2,meanGs_3,meanGs_4,sugarConcentration_1,sugarConcentration_2,sugarConcentration_3,sugarConcentration_4,pruneFlowersRemoved,pruneFruitsRemoved,pruneFruitBiomassRemoved,pruneLeafAreaRemoved,pruneLeafBiomassRemoved,"pruneInternodeBiomassRemoved",fruitCount_b1,fruitCount_b2,fruitCount_b3,fruitCount_b4,"fruitIncidentPAR_mean_b1_umol_m2_s","fruitIncidentPAR_mean_b2_umol_m2_s","fruitIncidentPAR_mean_b3_umol_m2_s","fruitIncidentPAR_mean_b4_umol_m2_s",flowerSelfAssimC,droppedFlowerCount,totalFlowerCount,reserveSeasonBeta,effectiveHydRate,reserveHydrolysisFlux,reserveSynthesisFlux,netReserveChange
2021-11-01T01:30:00,2021,305,1,0,"f855c612-9d38-4c7f-b599-eaf0ad04dce1",365.04166666790843,270.1157336919298,0.04999999354282991,11.2,0.7089999914169312,0.0,400.0,1.8,0.0,"[0.15455617663845134, 0.15648151072918592, 0.14083335965626734, 0.14083335965626734]","[-0.12475427099999997, -0.10000000000000002, -0.10000000000000002, -0.10000000000000002]",-0.1049508542,23.353776981642312,15.1,0.045679524719857034,14,3,0.0,0.0,0.0,0.0,0.0,0.0,0.0,-0.34805741906166077,-0.34805741906166077,0.0,0.0,0.0,0.0,-0.3272989853947576,-0.327299,0.8159639049181383,0.08916886895895004,2237238.9768956625,4102.111252557924,434436.9074395971,0.0,2514.272881466029,466958.3210224343,1329127.4850207574,0.0,427080.82183349354,218.60181212484295,39215.062085988626,123396.97029538073,30056.727889822723,0.0,29731.856805746836,64.59227,0.0029951555,0.04781591,0.13800937,0.6728932,0.13821414,0.10438022,0.0,7.220484E-5,0.28449732,0.11252729,0.111451976,0.14541,0.4575654,0.0,0.0,0.0,20.13440678607031,0.19346390164094873,3.4658653397314323,7.419245690660952E-5,5.22934372576105,11.240995751956522,7.328409847124615,0.0,1.0659254073701254,0.0011063031732323266,0.0,6.261378136581257,0.0,0.0,3.340082633181726,3.340082633181726,31.30689068290629,0.0,3.2735046409121398,3.2735046409121398,11.240995751956522,0.0,0.1285682789345134,0.1285682789345134,0.9158139586788296,45.631676,4.661955875364496,28683.538648133977,2581.518580912386,0.012820954285328314,2.1336000000000004,0.0,0.0,5.420879163417531,0.0,0.0,0.0,0.0,0.0,0.0,0.0,0.0,0.5075502746650782,0.5075502746650782,0.19795837564686872,0.07889933537354911,-0.0025902495,-0.004851106,-0.007969438,-0.010561383,0.0,0.0,0.0,0.0,0.0,-0.096043744,-0.096043744,-0.096043744,0.0,0.0,0.0,0.0,0.09017225,0.09670802,0.10460277,0.10739039,0.0,0.0,0.0,0.0,0.0,0.0,0,0,0,0,0.0,0.0,0.0,0.0,0.0,0,0,0.24612830579280853,7.685885471730452E-4,35.06133859610418,1.047887138222828,-34.01345145788135
2021-11-01T02:30:00,2021,305,2,0,"f855c612-9d38-4c7f-b599-eaf0ad04dce1",365.08333333581686,270.131192105039,0.09583334413667544,11.1,0.7149999737739563,0.0,400.0,1.4,0.0,"[0.15526088239448135, 0.15648151072918592, 0.14083335965626734, 0.14083335965626734]","[-0.12359865699999999, -0.10000000000000002, -0.10000000000000002, -0.10000000000000002]",-0.10471973140000003,23.42424755829541,15.1,0.045679524719857034,14,3,0.0,0.0,0.0,0.0,0.0,0.0,0.0,-0.34566041827201843,-0.34566041827201843,0.0,0.0,0.0,0.0,-0.1027647185543308,-0.10276472,0.7981997869136049,0.08563914895057678,2237149.0247879787,4061.7617697434507,434420.1371782839,0.0,2520.705060758699,466930.37896132504,1329116.162540107,0.0,427060.7300913624,200.87527539304935,39206.396515600754,123367.70635387016,30042.209362825528,0.0,29717.406703499586,62.978985,0.0029823247,0.04790764,0.14192618,0.6687921,0.13831773,0.10471879,0.0,7.4004085E-5,0.27327514,0.11438745,0.113280915,0.14766958,0.46466783,0.0,0.0,0.0,20.113080798297133,0.187823783979708,3.4629957381362693,7.397567350475603E-5,5.225177902299662,11.232348696050671,7.027036656526169,0.0,1.0242453651972272,0.0010805049928958848,0.0,6.001710786336047,0.0,0.0,3.200863185912222,3.200863185912222,30.008553931680243,0.0,3.2707052883728216,3.2707052883728216,11.232348696050671,0.0,0.12351480025738823,0.12351480025738823,0.8789464983154947,25.737177,4.5314210328740305,28694.228621753562,2582.480678576379,0.012826248186337518,1.9876349999999992,0.0,0.0,5.269094456167116,0.0,0.0,0.0,0.0,0.0,0.0,0.0,0.0,0.5075502746650782,0.5075502746650782,0.19795837564686872,0.07889933537354911,-0.105354965,-0.10761582,-0.11073416,-0.1133261,0.0,0.0,0.0,0.0,0.0,-0.096043744,-0.096043744,-0.096043744,0.0,0.0,0.0,0.0,0.08648491,0.09276193,0.10103901,0.104018025,0.0,0.0,0.0,0.0,0.0,0.0,0,0,0,0,0.0,0.0,0.0,0.0,0.0,0,0,0.24612830579280853,7.685880704365145E-4,36.467509534268174,1.0058349671782605,-35.461674567089915
2021-11-01T03:30:00,2021,305,3,0,"f855c612-9d38-4c7f-b599-eaf0ad04dce1",365.1250000037253,270.14610114542813,0.1333333293596901,10.9,0.7350000143051147,0.0,400.0,3.4,0.0,"[0.15497872567406792, 0.15648151072918592, 0.14083335965626734, 0.14083335965626734]","[-0.124059475, -0.10000000000000002, -0.10000000000000002, -0.10000000000000002]",-0.10481189500000003,23.39603188583362,15.1,0.045679524719857034,14,3,0.0,0.0,0.0,0.0,0.0,0.0,0.0,-0.31556908786296844,-0.31556908786296844,0.0,0.0,0.0,0.0,-0.10408432691624515,-0.10408433,0.7921464993375028,0.08513569831848145,2237060.1374040665,4024.022151230513,434403.0992079952,0.0,2527.054670807167,466902.6347440077,1329103.447353369,0.0,427040.51697585656,184.29531730809688,39197.80990904768,123338.73184912551,30027.834769754656,0.0,29703.100457550372,61.411644,0.002966191,0.0490296,0.1433089,0.6662519,0.13836756,0.10523354,0.0,7.5790085E-5,0.26217037,0.11615101,0.115018435,0.14992408,0.4717544,0.0,0.0,0.0,20.07823086881313,0.18215866342147796,3.457769265769044,7.335345799073167E-5,5.21748082054745,11.216094371831733,6.751801469693635,0.0,0.9830320503795444,0.001078354528665176,0.0,5.767691064785426,0.0,0.0,3.0757314904553317,3.0757314904553317,28.838455323927136,0.0,3.2656816701444624,3.2656816701444624,11.216094371831733,0.0,0.12115173865457712,0.12115173865457712,0.8610787215097504,25.7451,4.436466837374551,28710.07727796922,2583.9070576924673,0.012833842415736317,1.9876349999999992,0.0,0.0,5.158682596075893,0.0,0.0,0.0,0.0,0.0,0.0,0.0,0.0,0.5075502746650782,0.5075502746650782,0.19795837564686872,0.07889933537354911,-0.106674574,-0.10893543,-0.11205377,-0.11464571,0.0,0.0,0.0,0.0,0.0,-0.096043744,-0.096043744,-0.096043744,0.0,0.0,0.0,0.0,0.08591831,0.09182306,0.09974937,0.10261721,0.0,0.0,0.0,0.0,0.0,0.0,0,0,0,0,0.0,0.0,0.0,0.0,0.0,0,0,0.24612830579280853,7.6858759816879E-4,36.096872927912045,0.9855293230709768,-35.11134360484107
2021-11-01T04:30:00,2021,305,4,0,"f855c612-9d38-4c7f-b599-eaf0ad04dce1",365.1666666716337,270.1623863823285,0.19166664853691984,11.4,0.718999981880188,0.0,400.0,2.2,0.0,"[0.15455617663845134, 0.15648151072918592, 0.14083335965626734, 0.14083335965626734]","[-0.12475427099999997, -0.10000000000000002, -0.10000000000000002, -0.10000000000000002]",-0.1049508542,23.353776981642312,15.1,0.045679524719857034,14,3,0.0,0.0,0.0,0.0,0.0,0.0,0.0,-0.3266635984182358,-0.3266635984182358,0.0,0.0,0.0,0.0,-0.10390860265109433,-0.103908606,0.7409982838999389,0.08268149197101593,2236968.674591702,3987.863307391623,434384.75057679095,0.0,2533.3576756131765,466873.2303542907,1329089.593402098,0.0,427018.75656872505,168.4098330644334,39188.53656162736,123307.55774742679,30012.37886717889,0.0,29687.718866942236,64.10254,0.002772079,0.046391524,0.14069009,0.67166877,0.13840464,0.10449403,0.0,7.285439E-5,0.24065082,0.119548246,0.11837189,0.1542964,0.48550472,0.0,0.0,0.0,20.13889997964579,0.17769730750984533,3.4689330510866165,7.557963148934777E-5,5.2345188600190085,11.253005030143626,7.241753833764009,0.0,1.0552828267675478,0.0010645720927939398,0.0,6.185406434903666,0.0,0.0,3.298811183755988,3.298811183755988,30.927032174518338,0.0,3.276140527605774,3.276140527605774,11.253005030143626,0.0,0.1233806464899983,0.1233806464899983,0.875639537257473,25.750141,4.573275250785533,28731.243696338435,2585.812035421394,0.012843829251020936,1.9876349999999992,0.0,0.0,5.317762153554934,0.0,0.0,0.0,0.0,0.0,0.0,0.0,0.0,0.5075502746650782,0.5075502746650782,0.19795837564686872,0.07889933537354911,-0.10649885,-0.10875971,-0.11187804,-0.11446998,0.0,0.0,0.0,0.0,0.0,-0.096043744,-0.096043744,-0.096043744,0.0,0.0,0.0,0.0,0.08343428,0.089143835,0.09678494,0.099404275,0.0,0.0,0.0,0.0,0.0,0.0,0,0,0,0,0.0,0.0,0.0,0.0,0.0,0,0,0.24612830579280853,7.68587090392108E-4,38.77651273726951,1.0023812491075323,-37.774131488161984
2021-11-01T05:30:00,2021,305,5,0,"f855c612-9d38-4c7f-b599-eaf0ad04dce1",365.20833333954215,270.1702076971213,0.19166664853691984,8.2,0.8579999804496765,0.0,400.0,1.3,0.0,"[0.15455617663845134, 0.15648151072918592, 0.14083335965626734, 0.14083335965626734]","[-0.12475427099999997, -0.10000000000000002, -0.10000000000000002, -0.10000000000000002]",-0.1049508542,23.353776981642312,15.1,0.045679524719857034,14,3,0.0,0.0,0.0,0.0,0.0,0.0,0.0,-0.2612993174365589,-0.2612993174365589,0.0,0.0,0.0,0.0,-0.10383244773067137,-0.103832446,1.0413213201503553,0.09308482706546783,2236893.731704051,3959.008342506161,434370.3769441246,0.0,2539.8040424608057,466851.7763605585,1329072.8867399087,0.0,427002.7077233309,155.73312547716094,39182.5361085397,123287.01048535005,30002.15236411303,0.0,29677.54145169364,44.643627,0.003788485,0.07031849,0.16566558,0.6214236,0.13870147,0.112308346,0.0,1.0236993E-4,0.2757138,0.11407789,0.112949945,0.14716157,0.463047,0.0,0.0,0.0,19.700717167291153,0.16913171757704382,3.394109985322192,6.358193212592995E-5,5.121819166534371,11.011022550725798,3.7367735768792327,0.0,0.5380836998667755,0.0011262142635709283,0.0,3.1975636627488866,0.0,0.0,1.703647664080365,1.703647664080365,15.987818313744436,0.0,3.205387441468989,3.205387441468989,11.011022550725798,0.0,0.10481687230121066,0.10481687230121066,0.7437643537264943,25.751825,3.47981056228869,28756.45640623723,2588.081179402453,0.01285553086347591,1.9876349999999992,0.0,0.0,4.0462915295774105,0.0,0.0,0.0,0.0,0.0,0.0,0.0,0.0,0.5075502746650782,0.5075502746650782,0.19795837564686872,0.07889933537354911,-0.1064227,-0.10868356,-0.111801885,-0.11439383,0.0,0.0,0.0,0.0,0.0,-0.096043744,-0.096043744,-0.096043744,0.0,0.0,0.0,0.0,0.093607575,0.097960986,0.10453956,0.10737622,0.0,0.0,0.0,0.0,0.0,0.0,0,0,0,0,0.0,0.0,0.0,0.0,0.0,0,0,0.24612830579280853,7.685867530024293E-4,25.762021514208755,0.8513726784571458,-24.91064883575161
2021-11-01T06:30:00,2021,305,6,0,"f855c612-9d38-4c7f-b599-eaf0ad04dce1",365.2500000074506,270.1770643995244,0.19166664853691984,7.8,0.8980000019073486,204.4,400.0,1.4,0.0,"[0.15596788436874465, 0.15648151072918592, 0.14083335965626734, 0.14083335965626734]","[-0.12245486299999996, -0.10000000000000002, -0.10000000000000002, -0.10000000000000002]",-0.10449097260000001,23.494947756775254,15.1,0.045679524719857034,14,3,0.0,0.0,0.0,0.0,0.0,0.0,0.0,-0.2535111680626869,-0.2535111680626869,-0.4843546919456858,0.02122016220182859,0.0,0.045679524719857034,-0.1257477002326135,-0.15664944,1.0752386951717872,0.09340231865644455,2236819.0696125166,3931.4217830174443,434355.9007044741,0.0,2546.4340261872485,466830.89979573427,1329054.5340296396,0.0,426986.77891530213,143.61366009692182,39176.77014601561,123267.25217623831,29992.31435138657,0.0,29667.751176754595,42.404625,0.011421077,0.07413501,0.16922444,0.607211,0.137901,0.11306818,0.0,1.07483815E-4,0.26643458,0.115572736,0.114418276,0.14904034,0.46895224,0.0,0.0,0.0,19.961501956318703,0.4843064635085008,3.38454148447379,6.236545637963001E-5,5.107538924030415,10.98049490815644,3.2821078485002775,0.0,0.47172204206957935,0.0011279816611318935,0.0,2.8092578247695674,0.0,0.0,1.496518781342548,1.496518781342548,14.046289123847842,0.0,3.1963026662092746,3.1963026662092746,10.98049490815644,0.0,0.10179209883666725,0.10179209883666725,0.7217705027055077,25.745243,3.313792480151805,28785.52236337555,2590.6971156488494,0.012868954290684787,1.9876349999999992,0.0,0.0,3.8532472395269353,0.0,0.0,0.0,0.0,0.0,0.0,0.0,0.0,0.5075502746650782,0.5075502746650782,0.19795837564686872,0.07889933537354911,-0.12834355,-0.13064593,-0.1338326,-0.13646327,0.0,-0.2360233336687088,-0.25471017956733705,-0.2738721966743469,0.0,-0.24041589633682423,-0.1621725835309768,-0.15636608691126141,0.0,0.023760000243782997,0.023760000243782997,0.023760000243782997,0.09384564,0.097685665,0.103665516,0.106285065,0.0,0.0,0.0,0.0,0.0,0.0,0,0,0,0,8.15054419700988,8.097182252301714,0.0,0.0,0.0,0,0,0.24612830579280853,7.685864281699704E-4,24.78243160468992,0.8262585341201636,-23.956173070569754
2021-11-01T07:30:00,2021,305,7,0,"f855c612-9d38-4c7f-b599-eaf0ad04dce1",365.291666675359,270.192247914106,0.23333331644534994,11.0,0.8299999833106995,983.9,400.0,0.9,0.0,"[0.15721065977138468, 0.15648151072918592, 0.14083335965626734, 0.14083335965626734]","[-0.12048127899999997, -0.10000000000000002, -0.10000000000000002, -0.10000000000000002]",-0.10409625580000001,23.619225298891134,15.1,0.045679524719857034,14,3,24.34037701920725,18.613060632197787,0.2748741066640382,0.46710208761549304,1.0180451906554908,1.053672060164305,0.9744825951655567,6.565338747841971,6.565338747841971,12.761717742268937,0.48146477760880824,0.007362784901276757,0.48146477760880824,-0.195599626502104,-0.4935489,0.7992575851827497,0.08569350838661194,2236759.298829851,3921.1960252636786,434339.19477578416,0.0,2552.9493124427945,466803.13746587746,1329042.9419781119,0.0,426966.841543988,139.1212290225009,39168.192798003656,123238.28384707228,29977.95714186153,0.0,29653.461977524694,62.077652,0.0,0.048883803,0.14273712,0.6697609,0.13854317,0.105264604,0.0,7.502777E-5,0.26993623,0.11482047,0.1137041,0.14837874,0.46686447,0.0,0.0,0.0,19.901707268578402,0.0,3.458190753779152,7.451241108702268E-5,5.218841659901965,11.21994279494293,6.900644187037426,0.0,1.0030406181224238,0.0010867285326564822,0.0,5.896516840382345,0.0,0.0,3.145095883127632,3.145095883127632,29.48258420191173,0.0,3.265810421063725,3.265810421063725,11.21994279494293,0.0,0.123672979269858,0.123672979269858,0.8746547188727787,25.707829,4.484895022821449,28819.803314955967,2593.7824014136854,0.01288462434470839,1.9876349999999992,0.0,0.0,5.214994442097103,0.0,1.1188037836688038,0.9905344784758571,0.9056750332645083,0.0,0.0,0.0,0.0,0.5075502746650782,0.5075502746650782,0.19795837564686872,0.07889933537354911,-0.19832079,-0.20155726,-0.20624565,-0.20969218,0.0,6.367767715454102,6.560823726654053,6.8179463148117065,0.0,-0.5350452192859135,-0.4939952836175734,-0.4878126872268902,0.0,0.15697846710681915,0.1614460051059723,0.16714723780751228,0.086484015,0.09249845,0.10070835,0.103748016,0.0,0.0,0.0,0.0,0.0,0.0,0,0,0,0,63.469486329379315,67.08186642853686,0.0,0.0,0.0,0,0,0.24612830579280853,7.685859560001895E-4,36.097981106315274,1.001695931840971,-35.0962851744743
2021-11-01T08:30:00,2021,305,8,0,"f855c612-9d38-4c7f-b599-eaf0ad04dce1",365.33333334326744,270.2172910021452,0.4250000047187008,14.6,0.6909999847412109,1942.2,400.0,1.9,0.0,"[0.1588188601746169, 0.15648151072918592, 0.14083335965626734, 0.14083335965626734]","[-0.11799528999999999, -0.10000000000000002, -0.10000000000000002, -0.10000000000000002]",-0.10359905800000002,23.780045341610762,15.1,0.045679524719857034,14,3,29.982941490870644,22.958000654522024,0.17152908780918913,0.29186706502517856,0.5906328611946003,0.7154359737740134,0.6495770040222917,8.856582164764404,8.856582164764404,17.0703327830335,0.9185979410999046,0.005161952682716161,0.9185979410999046,-0.2612187372893151,-0.6012015,0.6594333963051398,0.08007224649190903,2236690.080964987,3914.3165018856653,434317.352758367,0.0,2559.244005360311,466765.929498682,1329033.3589294942,0.0,426939.7880804177,136.09888238132302,39155.74138489428,123196.5872253892,29957.342771515297,0.0,29632.945726941663,84.540855,0.0,0.03487615,0.1271826,0.6997598,0.13812506,0.10023775,0.0,5.6450357E-5,0.23092102,0.120865546,0.11968848,0.15633214,0.49188134,0.0,0.0,0.0,20.38999041713658,0.0,3.542878051377645,9.099022214442552E-5,5.34683609456614,11.495412919546444,10.90754127866415,0.0,1.5947000110790452,0.001053153428726482,0.0,9.311788114156384,0.0,0.0,4.971974225359882,4.971974225359882,46.55894057078193,0.0,3.3456985011654847,3.3456985011654847,11.495412919546444,0.0,0.15651206809426424,0.15651206809426424,1.1039317841602505,25.706455,5.754205626693887,28860.77520360608,2597.4698715387226,0.012903341168819653,1.9876349999999992,0.0,0.0,6.690937069696309,0.0,0.6967848691775649,0.6517090246000025,0.6260177519249451,0.0,0.0,0.0,0.0,0.5075502746650782,0.5075502746650782,0.19795837564686872,0.07889933537354911,-0.26406223,-0.26825136,-0.27459314,-0.27901283,0.0,8.557321357727051,8.799503517150878,9.302006483078003,0.0,-0.6224905657123566,-0.602218943266503,-0.6025480368802668,0.0,0.17737872302532195,0.18237502872943878,0.19237229973077774,0.08100739,0.08779125,0.09631254,0.09878875,0.0,0.0,0.0,0.0,0.0,0.0,0,0,0,0,97.49875482170116,106.22573882408454,0.0,0.0,0.0,0,0,0.24612830579280853,7.685852792059465E-4,51.76286394178169,1.2647642791242402,-50.498099662657445
2021-11-01T09:30:00,2021,305,9,0,"f855c612-9d38-4c7f-b599-eaf0ad04dce1",365.37500001117587,270.2471659017335,0.6958333461234965,16.5,0.640999972820282,2875.0,400.0,2.3,0.0,"[0.1588188601746169, 0.15648151072918592, 0.14083335965626734, 0.14083335965626734]","[-0.11799528999999999, -0.10000000000000002, -0.10000000000000002, -0.10000000000000002]",-0.10359905800000002,23.780045341610762,15.1,0.045679524719857034,14,3,36.24079883386355,27.786031403324525,0.14006105829512483,0.23863473024862714,0.5103281077017915,0.584122608129529,0.4697716950986312,10.275917393820626,10.275917393820626,20.129722004546508,1.2585395651753766,0.0044429190789311256,1.2585395651753766,-0.2890153547614008,-0.67583066,0.6384191760295842,0.07993416488170624,2236617.6210295237,3911.6016998300643,434292.56129693374,0.0,2565.4400321747403,466723.7372612719,1329024.4014693059,0.0,426908.8191856719,134.90620195517124,39141.24584943432,123148.05649984576,29933.36918903642,0.0,29609.0865436844,96.404945,0.0,0.03063662,0.122421846,0.7093915,0.13749993,0.09849415,0.0,5.014375E-5,0.21495354,0.123299055,0.12209536,0.15959862,0.50214875,0.0,0.0,0.0,20.6505785816491,0.0,3.587935686502695,1.0122170502928613E-4,5.4150977332450605,11.64260983453433,12.990100278587825,0.0,1.8961165490148557,0.0010534982392162036,0.0,11.092930231333757,0.0,0.0,5.925082703728937,5.925082703728937,55.46465115666879,0.0,3.388110242705118,3.388110242705118,11.64260983453433,0.0,0.18213060235925613,0.18213060235925613,1.2815841688696668,26.64414,6.493768198203594,28909.297985842237,2601.8369221135076,0.012925453914887416,1.9876349999999992,0.0,0.0,7.550893586043004,0.0,0.5989291732714372,0.48618999094202897,0.46115792831936897,0.0,0.0,0.0,0.0,0.5075502746650782,0.5075502746650782,0.19795837564686872,0.07889933537354911,-0.2919543,-0.29681104,-0.30415174,-0.3091901,0.0,10.323232269287109,10.018314743041993,10.538777112960815,0.0,-0.692645249330033,-0.6782114731922662,-0.6803838783235853,0.0,0.19307513833045958,0.1900979608297348,0.20015975460410118,0.0808861,0.08766006,0.095829226,0.09788565,0.0,0.0,0.0,0.0,0.0,0.0,0,0,0,0,134.72139805809493,131.59769003679483,0.0,0.0,0.0,0,0,0.24612830579280853,7.685844920517414E-4,60.23451106483117,1.4687390409660157,-58.76577202386515
2021-11-01T10:30:00,2021,305,10,0,"f855c612-9d38-4c7f-b599-eaf0ad04dce1",365.4166666790843,270.27799441005993,0.9833333387970917,16.9,0.6610000133514404,3360.6,400.0,3.5,0.0,"[0.1588188601746169, 0.15648151072918592, 0.14083335965626734, 0.14083335965626734]","[-0.11799528999999999, -0.10000000000000002, -0.10000000000000002, -0.10000000000000002]",-0.10359905800000002,23.780045341610762,15.1,0.045679524719857034,14,3,37.81631309942325,29.272384261846067,0.12503161835989354,0.21067019800646247,0.4747114112430841,0.49574344925594155,0.3985050105646959,10.65908067567008,10.65908067567008,20.950107690611414,1.2693876696509683,0.0045844736778507525,1.2693876696509683,-0.28972547009110233,-0.7049613,0.636983916747174,0.08009238541126251,2236544.9283481766,3910.230249692101,434267.1339063526,0.0,2571.6448416078465,466680.5134389941,1329015.5266427156,0.0,426877.0418118377,134.30368961670573,39126.325981123686,123098.09496496306,29908.701751898585,0.0,29584.536822172777,98.862305,0.0,0.029958868,0.12166827,0.7110839,0.13723998,0.098189145,0.0,4.902988E-5,0.21187046,0.12372728,0.12251909,0.1602418,0.50416034,0.0,0.0,0.0,20.702813548178998,0.0,3.5967558119563106,1.0371572466167522E-4,5.42871399018332,11.672392823065874,13.416684522937373,0.0,1.955403999366487,0.0010561336886386774,0.0,11.46022438988225,0.0,0.0,6.122055436596113,6.122055436596113,57.301121949411254,0.0,3.396275827435885,3.396275827435885,11.672392823065874,0.0,0.1888740071576866,0.1888740071576866,1.3258744747628735,26.667631,6.653349645166554,28965.55722149465,2606.9002535234235,0.0129510285504917,1.9876349999999992,0.0,0.0,7.736453416259521,0.0,0.5243557388745229,0.4254763392167929,0.38618028823513906,0.0,0.0,0.0,0.0,0.5075502746650782,0.5075502746650782,0.19795837564686872,0.07889933537354911,-0.29266676,-0.2974833,-0.3047735,-0.30979034,0.0,10.702418994903564,10.590391921997071,10.690768718719482,0.0,-0.7205979111828915,-0.7084307111566839,-0.7094729903370269,0.0,0.20130960047245025,0.20226574838161468,0.20525265112519264,0.08104864,0.087810695,0.09597617,0.097995386,0.0,0.0,0.0,0.0,0.0,0.0,0,0,0,0,138.94222455937668,133.57227606950073,0.0,0.0,0.0,0,0,0.24612830579280853,7.685836817487233E-4,62.01180573296733,1.5199588734609843,-60.491846859506346
2021-11-01T11:30:00,2021,305,11,0,"f855c612-9d38-4c7f-b599-eaf0ad04dce1",365.45833334699273,270.31108530563785,1.312499999379117,17.9,0.7179999947547913,2478.9,400.0,4.8,0.0,"[0.16025815480342917, 0.15648151072918592, 0.14083335965626734, 0.14083335965626734]","[-0.11583305399999999, -0.10000000000000002, -0.10000000000000002, -0.10000000000000002]",-0.10316661080000002,23.923974806636707,15.1,0.045679524719857034,14,3,26.090944576738266,20.33486681829401,0.11694678453587508,0.1947475843180935,0.4634507868930409,0.43905062854168536,0.39916607518971203,10.31650379725865,10.31650379725865,20.064614260554436,1.0645745045761825,0.005235428743884851,1.0645745045761825,-0.2743502061891262,-0.7029437,0.6295738946447055,0.08021492511034012,2236465.0111777885,3907.7409044801016,434239.5484952628,0.0,2577.8621582784585,466634.45650813135,1329005.523844025,0.0,426842.69098845916,133.21005801945515,39110.23364878553,123044.19787191556,29882.100487587097,0.0,29558.063012505598,104.60834,0.0,0.028378874,0.120228566,0.71459335,0.13675258,0.09751831,0.0,4.6651276E-5,0.19654217,0.12609734,0.12486116,0.16337016,0.5139904,0.0,0.0,0.0,20.839502857771677,0.0,3.6202379931503796,1.0982416698624894E-4,5.4644720791238255,11.749802849236028,14.409129499988321,0.0,2.0948889576302427,0.001057731110787395,0.0,12.313182811247293,0.0,0.0,6.57781761522603,6.57781761522603,61.56591405623648,0.0,3.418280140484266,3.418280140484266,11.749802849236028,0.0,0.20512988686618472,0.20512988686618472,1.4367024189775963,25.981314,7.046378758812038,29030.009921180703,2612.700996725669,0.012980310345160572,1.9876349999999992,0.0,0.0,8.193464033634934,0.0,0.46064380529525095,0.427135348158431,0.38542654681435307,0.0,0.0,0.0,0.0,0.5075502746650782,0.5075502746650782,0.19795837564686872,0.07889933537354911,-0.27723294,-0.28164828,-0.28837648,-0.2930434,0.0,10.032532882690429,10.432447052001953,10.526538372039795,0.0,-0.7192437587520946,-0.7057226387600201,-0.7065098470582707,0.0,0.202101930975914,0.21033995151519774,0.21304694935679436,0.08114179,0.08770338,0.09562519,0.097372875,0.0,0.0,0.0,0.0,0.0,0.0,0,0,0,0,101.454044638501,94.57662683129774,0.0,0.0,0.0,0,0,0.24612830579280853,7.685828073301798E-4,66.90001065505203,1.6474783093361955,-65.25253234571584
2021-11-01T12:30:00,2021,305,12,0,"f855c612-9d38-4c7f-b599-eaf0ad04dce1",365.50000001490116,270.34460580900327,1.6500000253319733,18.1,0.7200000286102295,3935.6,400.0,5.5,0.0,"[0.15989746652063508, 0.15648151072918592, 0.14083335965626734, 0.14083335965626734]","[-0.116369479, -0.10000000000000002, -0.10000000000000002, -0.10000000000000002]",-0.10327389580000003,23.88790597781983,15.1,0.045679524719857034,14,3,39.25781555824588,30.722931449278768,0.1108339136719119,0.18432778185986398,0.45549733527835695,0.39815566765725635,0.39068173475883744,11.921060698372978,11.921060698372978,23.24898278746938,1.2939780535726524,0.004990850313470524,1.2939780535726524,-0.2896466178646236,-0.6915612,0.6386712975393873,0.08095348626375198,2236391.3051879928,3910.1641162703168,434212.1710278882,0.0,2584.103978843392,466588.18311331153,1328996.803685261,0.0,426808.4538409027,134.2746355508618,39094.059309674376,122989.97161106372,29855.3528376805,0.0,29531.442808020292,106.16176,0.0,0.02814481,0.11981384,0.71548975,0.13650557,0.0973497,0.0,4.603095E-5,0.20308228,0.12498935,0.12376971,0.16206327,0.50986516,0.0,0.0,0.0,20.86356739773145,0.0,3.6241310210436426,1.1130358465307673E-4,5.470696981103912,11.76374136538194,14.675622207416719,0.0,2.1301985351793866,0.0010644810829434858,0.0,12.544359191154387,0.0,0.0,6.702302122190958,6.702302122190958,62.72179595577195,0.0,3.421775033320628,3.421775033320628,11.76374136538194,0.0,0.21073882165605676,0.21073882165605676,1.4721107161875036,26.721403,7.151610756179774,29102.77844769341,2619.2501643720534,0.01301327651390015,1.9876349999999992,0.0,0.0,8.315826826657073,0.0,0.4319916009963735,0.4002995684873572,0.3849762263139309,0.0,0.0,0.0,0.0,0.5075502746650782,0.5075502746650782,0.19795837564686872,0.07889933537354911,-0.29259264,-0.297462,-0.304941,-0.31004965,0.0,11.632447052001954,11.976255226135255,12.212834596633911,0.0,-0.7053787681826705,-0.6938143366874883,-0.6950377082241554,0.0,0.22714847326278687,0.23493314385414124,0.2398277409374714,0.08191393,0.08866874,0.09683496,0.09872238,0.0,0.0,0.0,0.0,0.0,0.0,0,0,0,0,133.48374328316302,141.43843292691275,0.0,0.0,0.0,0,0,0.24612830579280853,7.685819276833833E-4,67.33064395515248,1.6886593816897555,-65.64198457346272
2021-11-01T13:30:00,2021,305,13,0,"f855c612-9d38-4c7f-b599-eaf0ad04dce1",365.5416666828096,270.37747890081073,1.9750000032285833,17.8,0.7099999785423279,2836.7,400.0,5.6,0.0,"[0.1592496806486831, 0.15648151072918592, 0.14083335965626734, 0.14083335965626734]","[-0.11734197299999995, -0.10000000000000002, -0.10000000000000002, -0.10000000000000002]",-0.1034683946,23.82312738965936,15.1,0.045679524719857034,14,3,27.88977022168394,21.80270750293795,0.10924184291482646,0.18178983231633836,0.4459074417772867,0.37572772425585604,0.4300675563922944,10.526726007461548,10.526726007461548,20.341481402928366,1.0951972265177654,0.0051592638878197325,1.0951972265177654,-0.2780478799851105,-0.7058403,0.630208815331071,0.08016939461231232,2236312.649571291,3908.141650636267,434184.8406249943,0.0,2590.3581845445015,466542.4371365684,1328986.9927093303,0.0,426774.4657004463,133.38611582644282,39078.096358119845,122936.51157205348,29828.993904132567,0.0,29505.20999346147,103.993164,0.0,0.028658025,0.12036054,0.7144419,0.13649261,0.097613126,0.0,4.6895504E-5,0.19838141,0.12570721,0.1244761,0.16302723,0.51288396,0.0,0.0,0.0,20.81705443344532,0.0,3.6157644320782008,1.0975329745421654E-4,5.458413502260653,11.737889933867798,14.300831301209957,0.0,2.07358394154302,0.0010619318917530355,0.0,12.226185427775185,0.0,0.0,6.532443136375507,6.532443136375507,61.13092713887594,0.0,3.4136928362768555,3.4136928362768555,11.737889933867798,0.0,0.20496150932898116,0.20496150932898116,1.4282593042745346,26.055574,6.9924351957131545,29183.677713163623,2626.5310985536908,0.013049909510084931,1.9876349999999992,0.0,0.0,8.130738957503583,0.0,0.41032513901807915,0.4068197002557496,0.4277605221489408,0.0,0.0,0.0,0.0,0.5075502746650782,0.5075502746650782,0.19795837564686872,0.07889933537354911,-0.28093877,-0.28543562,-0.29238015,-0.29717162,0.0,10.00041446685791,10.681367111206054,10.991314053535461,0.0,-0.7191020544765242,-0.707276385842715,-0.7085900649498953,0.0,0.20003671944141388,0.21292262375354767,0.2184518314898014,0.08110201,0.08773621,0.09593344,0.09787477,0.0,0.0,0.0,0.0,0.0,0.0,0,0,0,0,93.21583918313665,95.61695828140824,0.0,0.0,0.0,0,0,0.24612830579280853,7.685810602514027E-4,66.34904896863736,1.6388740306756877,-64.71017493796167
2021-11-01T14:30:00,2021,305,14,0,"f855c612-9d38-4c7f-b599-eaf0ad04dce1",365.583333350718,270.4103519926182,2.299999981125193,17.8,0.7120000123977661,3986.7,400.0,5.4,0.0,"[0.1588188601746169, 0.15648151072918592, 0.14083335965626734, 0.14083335965626734]","[-0.11799528999999999, -0.10000000000000002, -0.10000000000000002, -0.10000000000000002]",-0.10359905800000002,23.780045341610762,15.1,0.045679524719857034,14,3,40.09524916672342,31.257550111137316,0.11174725174182885,0.18622402660943824,0.4713973677412493,0.374138999108375,0.4346273299675139,11.870135409491402,11.870135409491402,22.894735603843223,1.2887597386676308,0.004934704730472251,1.2887597386676308,-0.2908549900192905,-0.69739956,0.6376545677614258,0.08064864575862885,2236239.799362023,3910.095852145662,434157.9770791891,0.0,2596.620337794876,466496.94231835083,1328978.2845105133,0.0,426740.94566645805,134.24464541396904,39062.24270471968,122883.3832167236,29802.813895188105,0.0,29479.15456236128,104.28573,0.0,0.028718123,0.120237835,0.714665,0.1363323,0.0975852,0.0,4.676399E-5,0.20535314,0.12454071,0.123326726,0.16163033,0.5084759,0.0,0.0,0.0,20.812935057755094,0.0,3.614764604716335,1.1001862445512823E-4,5.4572482078709,11.735935409736838,14.35039406078291,0.0,2.0780557820303027,0.0010671985366175038,0.0,12.27127108021599,0.0,0.0,6.557418944724194,6.557418944724194,61.356355401079966,0.0,3.412570726037347,3.412570726037347,11.735935409736838,0.0,0.2067545324395875,0.2067545324395875,1.437066082624002,26.678164,7.005772065380319,29272.723225580005,2634.5451949896164,0.013090153942314784,1.9876349999999992,0.0,0.0,8.14624694617117,0.0,0.4176634439132167,0.4063983984306145,0.4430854667128876,0.0,0.0,0.0,0.0,0.5075502746650782,0.5075502746650782,0.19795837564686872,0.07889933537354911,-0.29380003,-0.29870442,-0.30633917,-0.31154972,0.0,11.14797887802124,11.87130012512207,12.771375179290771,0.0,-0.7082733338133118,-0.698132895430456,-0.7018605683950355,0.0,0.21764264702796937,0.23157756328582763,0.24728483334183693,0.081611626,0.088451155,0.09698537,0.09918065,0.0,0.0,0.0,0.0,0.0,0.0,0,0,0,0,131.94321865272795,125.2223489705766,0.0,0.0,0.0,0,0,0.24612830579280853,7.685801983007413E-4,65.9497845757287,1.6495365828641817,-64.30024799286451
2021-11-01T15:30:00,2021,305,15,0,"f855c612-9d38-4c7f-b599-eaf0ad04dce1",365.62500001862645,270.44278363738766,2.6166666731238344,17.6,0.6949999928474426,3692.8,400.0,5.1,0.0,"[0.15561409616032953, 0.15648151072918592, 0.14083335965626734, 0.14083335965626734]","[-0.12302529099999998, -0.10000000000000002, -0.10000000000000002, -0.10000000000000002]",-0.10460505820000002,23.459568935406555,15.1,0.045679524719857034,14,3,40.00348512836663,30.995128770668643,0.12036480938392614,0.20183480268633278,0.5024372169353525,0.41081116003334994,0.48704988054811593,11.763201713562012,11.763201713562012,22.57612915986587,1.3039705537433361,0.004809270401734852,1.3039705537433361,-0.29636918051311534,-0.71228254,0.6375417716638142,0.08049017190933228,2236167.3465504083,3911.5104658578734,434131.46864395647,0.0,2602.902208814775,466451.9717286552,1328969.6142402848,0.0,426707.90543288767,134.8661205898992,39046.606572990706,122830.99557352971,29777.012189795485,0.0,29453.47551963145,103.04771,0.0,0.029098034,0.1205082,0.7140845,0.13626203,0.09774321,0.0,4.7261816E-5,0.20706385,0.12422469,0.12301476,0.16129717,0.50741434,0.0,0.0,0.0,20.780687961238183,0.0,3.608883077092796,1.0908240726346718E-4,5.448706929725373,11.718118650139253,14.136163448851285,0.0,2.044599146356926,0.0010686362591290697,0.0,12.090495666235231,0.0,0.0,6.461410166788712,6.461410166788712,60.45247833117617,0.0,3.4068405263498405,3.4068405263498405,11.718118650139253,0.0,0.20396332955859803,0.20396332955859803,1.4141695319713363,26.71434,6.913380748232607,29369.807553173705,2643.28278482025,0.01313399357095551,1.9876349999999992,0.0,0.0,8.038815177317808,0.0,0.438966907748124,0.4494870874286111,0.5103491895944569,0.0,0.0,0.0,0.0,0.5075502746650782,0.5075502746650782,0.19795837564686872,0.07889933537354911,-0.2993199,-0.30429605,-0.31207624,-0.31736884,0.0,10.928099632263184,11.661623573303222,12.934051990509033,0.0,-0.7217477644175058,-0.7122410933678195,-0.7181778430473599,0.0,0.2109411269426346,0.22401057779788972,0.24578572437167168,0.08145463,0.08836359,0.09707999,0.09944877,0.0,0.0,0.0,0.0,0.0,0.0,0,0,0,0,134.13491905569606,124.90669299138833,0.0,0.0,0.0,0,0,0.24612830579280853,7.685793483535806E-4,65.02106783271302,1.6237806282063731,-63.39728720450664
2021-11-01T16:30:00,2021,305,16,0,"f855c612-9d38-4c7f-b599-eaf0ad04dce1",365.6666666865349,270.47476624807837,2.9249999997516447,17.4,0.6949999928474426,2542.8,400.0,5.0,0.0,"[0.15508449144888317, 0.15648151072918592, 0.14083335965626734, 0.14083335965626734]","[-0.12388644599999998, -0.10000000000000002, -0.10000000000000002, -0.10000000000000002]",-0.10477728920000001,23.406608463472747,15.1,0.045679524719857034,14,3,31.056897796901374,23.8209743917538,0.13570734709288698,0.23014439570131937,0.5394493337935937,0.48088673047650665,0.5515372309821666,10.635541984013148,10.635541984013148,20.49976636302472,1.141978816526519,0.004986414338757053,1.141978816526519,-0.2861874993175917,-0.7155345,0.6317004832186668,0.07994519919157028,2236091.2838334893,3909.799182683579,434104.9513411748,0.0,2609.1845756648054,466407.3432387665,1328960.1262335554,0.0,426675.0076786409,134.11431110111096,39031.10692674374,122779.10353589302,29751.464434165217,0.0,29428.04958146063,101.55567,0.0,0.029487181,0.12092918,0.71335006,0.1361857,0.0979371,0.0,4.7891288E-5,0.20335563,0.124781795,0.12356323,0.16206035,0.5098019,0.0,0.0,0.0,20.74853498280781,0.0,3.6030229296316367,1.0815353622511324E-4,5.440190928906084,11.700349338798766,13.87703940118341,0.0,2.0042978023664393,0.001067360950111107,0.0,11.871674237866863,0.0,0.0,6.344566091376614,6.344566091376614,59.358371189334335,0.0,3.4011341425089414,3.4011341425089414,11.700349338798766,0.0,0.2003671060601796,0.2003671060601796,1.3860197220174868,26.162273,6.803000032179081,29474.802346269244,2652.732316574339,0.01318139494544181,1.9876349999999992,0.0,0.0,7.910465501839406,0.0,0.48608462595404,0.5330989886880881,0.5590217416114183,0.0,0.0,0.0,0.0,0.5075502746650782,0.5075502746650782,0.19795837564686872,0.07889933537354911,-0.28909436,-0.29374406,-0.30092317,-0.30580994,0.0,9.897991752624511,10.64268970489502,11.548545122146606,0.0,-0.7260617865792008,-0.7151375748921599,-0.7197350669130346,0.0,0.19597635567188262,0.20880006849765778,0.22529079020023346,0.08089225,0.087740146,0.09644143,0.09881372,0.0,0.0,0.0,0.0,0.0,0.0,0,0,0,0,94.78665290271132,94.60843830254197,0.0,0.0,0.0,0,0,0.24612830579280853,7.685785062282837E-4,64.38528528716415,1.591937553294592,-62.79334773386956
2021-11-01T17:30:00,2021,305,17,0,"f855c612-9d38-4c7f-b599-eaf0ad04dce1",365.7083333544433,270.50240823906086,3.1583333559334257,15.6,0.7670000195503235,881.7,400.0,5.3,0.0,"[0.15508449144888317, 0.15648151072918592, 0.14083335965626734, 0.14083335965626734]","[-0.12388644599999998, -0.10000000000000002, -0.10000000000000002, -0.10000000000000002]",-0.10477728920000001,23.406608463472747,15.1,0.045679524719857034,14,3,10.695095009803243,8.185610168890134,0.13477871044325032,0.22923197383534147,0.5015048159714673,0.5124521733213654,0.5566109213213852,6.94314558165414,6.94314558165414,13.327658855671986,0.5439303068806159,0.006806253325247131,0.5439361984877759,-0.20566177661190158,-0.6740278,0.6213536775180428,0.07800453901290894,2236008.535569309,3897.9840738766525,434080.35945255554,0.0,2615.435159052435,466366.9232041918,1328947.9544192029,0.0,426645.003190068,128.9236383676057,39017.31378233091,122733.0410595806,29728.78728439787,0.0,29405.481713108842,89.698715,0.0,0.033045527,0.12508626,0.7051501,0.13666448,0.099530235,0.0,5.3565367E-5,0.20053163,0.12527296,0.124038525,0.1626263,0.51156914,0.0,0.0,0.0,20.493353352460055,0.0,3.558440216658061,9.822716246713634E-5,5.373202391199149,11.556807772930181,11.808708801856028,0.0,1.7048942691102442,0.0010577793617144876,0.0,10.102756753384071,0.0,0.0,5.397873262508264,5.397873262508264,50.51378376692036,0.0,3.358880683609048,3.358880683609048,11.556807772930181,0.0,0.17098011845952707,0.17098011845952707,1.1804707130545744,25.629877,6.015766058226346,29586.79221648453,2662.811405294222,0.013231967475004049,1.9876349999999992,0.0,0.0,6.995077119747286,0.0,0.49061388932946365,0.5459072274608788,0.5559588146244568,0.0,0.0,0.0,0.0,0.5075502746650782,0.5075502746650782,0.19795837564686872,0.07889933537354911,-0.20839906,-0.21177109,-0.21678531,-0.22045805,0.0,6.431838321685791,7.036908435821533,7.4650760889053345,0.0,-0.7033175645915699,-0.6765237859721689,-0.6768498940356968,0.0,0.14892566204071045,0.16097736954689026,0.16970591992139816,0.07887837,0.08538896,0.09402627,0.096604824,0.0,0.0,0.0,0.0,0.0,0.0,0,0,0,0,33.76623361415239,35.162187948546546,0.0,0.0,0.0,0,0,0.24612830579280853,7.685777580275694E-4,57.097028019838035,1.3561878012501196,-55.74084021858791
2021-11-01T18:30:00,2021,305,18,0,"f855c612-9d38-4c7f-b599-eaf0ad04dce1",365.75000002235174,270.5290238341615,3.375000021109976,15.2,0.7850000262260437,638.9,400.0,5.0,0.0,"[0.15497872567406792, 0.15648151072918592, 0.14083335965626734, 0.14083335965626734]","[-0.124059475, -0.10000000000000002, -0.10000000000000002, -0.10000000000000002]",-0.10481189500000003,23.39603188583362,15.1,0.045679524719857034,14,3,12.517162851999176,9.570755876618982,0.217686002886892,0.3698778524284208,0.8261687231639632,0.8662518653717707,0.8851149211784541,7.271262986319406,7.271262986319406,13.890987994984435,0.5263594264492084,0.007330746981040161,0.5263594264492084,-0.19959519512045698,-0.590573,0.6256994514453105,0.07801715284585953,2235929.1927973884,3887.9465765733635,434056.4120201361,0.0,2621.6640987279493,466327.5712927079,1328935.7195500238,0.0,426615.8686453196,124.5139148164969,39003.95982157779,122688.44395069548,29706.837409691423,0.0,29383.63756217163,87.20059,0.0,0.03405582,0.12611446,0.7031433,0.13663149,0.09991944,0.0,5.495099E-5,0.2038377,0.12472757,0.12349894,0.161963,0.5094716,0.0,0.0,0.0,20.434425216801795,0.0,3.5479644457652357,9.632584557142334E-5,5.357681528064066,11.523891158333189,11.369273489012723,0.0,1.639117716633587,0.0010600631190028228,0.0,9.72909570926013,0.0,0.0,5.1980000921929355,5.1980000921929355,48.64547854630066,0.0,3.348847678021456,3.348847678021456,11.523891158333189,0.0,0.16618608345791328,0.16618608345791328,1.145139374435738,25.6315,5.853212784334232,29705.58814837649,2673.503039589346,0.01328556746969773,1.9876349999999992,0.0,0.0,6.806061676670367,0.0,0.7648630355001979,0.9454311948616926,0.8922459679030039,0.0,0.0,0.0,0.0,0.5075502746650782,0.5075502746650782,0.19795837564686872,0.07889933537354911,-0.20232749,-0.2056641,-0.21063353,-0.2142637,0.0,6.635118293762207,7.505860996246338,7.773196339607239,0.0,-0.6207171607985326,-0.5927828449620197,-0.5896600216166518,0.0,0.15529246032238006,0.17270223498344422,0.1784994974732399,0.07888597,0.08540561,0.0941961,0.096910104,0.0,0.0,0.0,0.0,0.0,0.0,0,0,0,0,38.4385236575064,32.389031922745886,0.0,0.0,0.0,0,0,0.24612830579280853,7.685770333666659E-4,55.28049124177778,1.3159325782288724,-53.96455866354891
2021-11-01T19:30:00,2021,305,19,0,"f855c612-9d38-4c7f-b599-eaf0ad04dce1",365.7916666902602,270.55406692220066,3.566666709383327,14.6,0.828000009059906,89.4,400.0,2.9,0.0,"[0.15329348174741142, 0.15648151072918592, 0.14083335965626734, 0.14083335965626734]","[-0.12686460299999996, -0.10000000000000002, -0.10000000000000002, -0.10000000000000002]",-0.1053729206,23.22750749065676,15.1,0.045679524719857034,14,3,0.9826914023575787,0.752316582707514,0.12213415390971645,0.20778208156088984,0.4741371433562435,0.4637538370373768,0.4837513602118729,0.6505028435162136,0.40762022184144603,0.7711899064984457,0.05957582671581515,0.003595743949868231,0.09741959091813372,-0.13258764192581576,-0.337835,0.5804801006595853,0.07407687604427338,2235823.7442904604,3860.71239820279,434030.5330862674,0.0,2627.8122650067644,466288.31119416095,1328916.4960889155,0.0,426585.36167162657,112.54925927268344,38990.61611598791,122644.09152322263,29684.99730957395,0.0,29361.907123017805,81.28103,0.0,0.035497613,0.12886573,0.69887674,0.13670115,0.10106911,0.0,5.871357E-5,0.15216814,0.13298798,0.1316286,0.17243694,0.5424069,0.0,0.0,0.0,20.348080427512592,0.0,3.532736870452127,9.342806752541297E-5,5.334975149306976,11.47550268068087,10.342210310130563,0.0,1.4844667253809751,0.001029930770402399,0.0,8.856713653979186,0.0,0.0,4.7286631547586095,4.7286631547586095,44.283568269895945,0.0,3.334336526245829,3.334336526245829,11.47550268068087,0.0,0.15200090948890677,0.15200090948890677,1.04635032898765,25.655613,5.466612451952585,29830.74060665512,2684.766761282003,0.013342170053803556,1.9876349999999992,0.0,0.0,6.35652638667492,0.0,0.4670387057561113,0.48224533312420864,0.4743171455313132,0.0,0.0,0.0,0.0,0.5075502746650782,0.5075502746650782,0.19795837564686872,0.07889933537354911,-0.13519359,-0.13757068,-0.14088373,-0.14358604,0.0,0.37118009975179567,0.3836049109241772,0.48318951310009495,0.0,-0.477945698146588,-0.35521852771415036,-0.3354345446515218,0.0,0.023760000243782997,0.023760000243782997,0.02975608827546239,0.0746442,0.07926092,0.08586907,0.087629996,0.0,0.0,0.0,0.0,0.0,0.0,0,0,0,0,3.4321629798084414,3.459097732896575,0.0,0.0,0.0,0,0,0.24612830579280853,7.685763113607219E-4,54.881329951342195,1.2024900094421511,-53.678839941900044
2021-11-01T20:30:00,2021,305,20,0,"f855c612-9d38-4c7f-b599-eaf0ad04dce1",365.8333333581686,270.57884451677114,3.7541667149712623,14.5,0.8339999914169312,0.0,400.0,2.6,0.0,"[0.15245580565591715, 0.15648151072918592, 0.14083335965626734, 0.14083335965626734]","[-0.12829341199999997, -0.10000000000000002, -0.10000000000000002, -0.10000000000000002]",-0.10565868240000001,23.143739880259098,15.1,0.045679524719857034,14,3,0.0,0.0,0.0,0.0,0.0,0.0,0.0,-0.403621997152056,-0.403621997152056,0.0,0.0,0.0,0.0,-0.1260007574263779,-0.337835,0.5693438246207562,0.07295042276382446,2235716.79337265,3834.673112838418,434004.03933143103,0.0,2633.846600167152,466248.92322976544,1328895.4318418861,0.0,426554.3865660667,101.10955010457413,38977.21496594707,122599.60434907698,29663.093566618285,0.0,29340.114676726247,80.19219,0.0019830002,0.03569469,0.12920837,0.696769,0.13628548,0.101156585,0.0,5.947032E-5,0.13852832,0.13514534,0.13374902,0.17520936,0.55111706,0.0,0.0,0.0,20.489837179739684,0.15902113803177498,3.5294961958150504,9.313073657264082E-5,5.33039297332984,11.466064686249773,10.127000281832055,0.0,1.4492503502707157,0.001021704635538568,0.0,8.6767282269258,0.0,0.0,4.631569775400794,4.631569775400794,43.383641134629,0.0,3.331150713739996,3.331150713739996,11.466064686249773,0.0,0.14924789345767553,0.14924789345767553,1.0257289539488559,25.668015,5.377247456174602,29962.145678530065,2696.593218220689,0.013401583674348669,1.9876349999999992,0.0,0.0,6.2526135963133225,0.0,0.0,0.0,0.0,0.0,0.0,0.0,0.0,0.5075502746650782,0.5075502746650782,0.19795837564686872,0.07889933537354911,-0.128591,-0.13085186,-0.1339702,-0.13656214,0.0,0.0,0.0,0.0,0.0,-0.477945698146588,-0.35521852771415036,-0.3354345446515218,0.0,0.023760000243782997,0.023760000243782997,0.02975608827546239,0.07342671,0.077444874,0.08328077,0.084654875,0.0,0.0,0.0,0.0,0.0,0.0,0,0,0,0,0.0,0.0,0.0,0.0,0.0,0,0,0.24612830579280853,7.685755867069651E-4,55.0210186666809,1.1790127274428983,-53.84200593923801
2021-11-01T21:30:00,2021,305,21,0,"f855c612-9d38-4c7f-b599-eaf0ad04dce1",365.87500002607703,270.6036221113416,3.9416667205591978,14.5,0.8479999899864197,0.0,400.0,2.4,0.0,"[0.15315363954037028, 0.15648151072918592, 0.14083335965626734, 0.14083335965626734]","[-0.127101512, -0.10000000000000002, -0.10000000000000002, -0.10000000000000002]",-0.10542030240000003,23.213523269744265,15.1,0.045679524719857034,14,3,0.0,0.0,0.0,0.0,0.0,0.0,0.0,-0.403621997152056,-0.403621997152056,0.0,0.0,0.0,0.0,-0.12131216905386553,-0.337835,0.5605975669823989,0.07216238975524902,2235613.7898665154,3814.657917793882,433977.0161144197,0.0,2639.840638077316,466209.27011781407,1328873.125823222,0.0,426522.9613250261,92.31637444523919,38963.70216709595,122554.78541376384,29641.03208172383,0.0,29318.16625464486,79.73851,0.0019494073,0.03570972,0.1294122,0.69676894,0.13609995,0.101292714,0.0,5.9808535E-5,0.10931495,0.13972196,0.13826714,0.181155,0.56980807,0.0,0.0,0.0,20.482742173327686,0.1554428337079388,3.528638902592677,9.334268102133517E-5,5.329417755673541,11.464380295209786,10.050843723291681,0.0,1.4342995361954385,0.0010162465097705406,0.0,8.615527940586471,0.0,0.0,4.598429200018084,4.598429200018084,43.07763970293236,0.0,3.3302171925246467,3.3302171925246467,11.464380295209786,0.0,0.1482834849397325,0.1482834849397325,1.017293563048407,25.67807,5.337035134309977,30099.756605485472,2708.9782021388105,0.013463755118133655,1.9876349999999992,0.0,0.0,6.205855080459386,0.0,0.0,0.0,0.0,0.0,0.0,0.0,0.0,0.5075502746650782,0.5075502746650782,0.19795837564686872,0.07889933537354911,-0.12390242,-0.12616327,-0.12928161,-0.13187355,0.0,0.0,0.0,0.0,0.0,-0.477945698146588,-0.35521852771415036,-0.3354345446515218,0.0,0.023760000243782997,0.023760000243782997,0.02975608827546239,0.07257256,0.07614039,0.08136606,0.08242496,0.0,0.0,0.0,0.0,0.0,0.0,0,0,0,0,0.0,0.0,0.0,0.0,0.0,0,0,0.24612830579280853,7.685748563747286E-4,55.41135329415556,1.169564167525467,-54.241789126630096
2021-11-01T22:30:00,2021,305,22,0,"f855c612-9d38-4c7f-b599-eaf0ad04dce1",365.91666669398546,270.6286651993808,4.133333408832549,14.6,0.8539999723434448,0.0,400.0,1.3,0.0,"[0.1535034152966366, 0.15648151072918592, 0.14083335965626734, 0.14083335965626734]","[-0.126510157, -0.10000000000000002, -0.10000000000000002, -0.10000000000000002]",-0.10530203140000004,23.248500845892103,15.1,0.045679524719857034,14,3,0.0,0.0,0.0,0.0,0.0,0.0,0.0,-0.406354940363339,-0.406354940363339,0.0,0.0,0.0,0.0,-0.12650884450481087,-0.337835,0.5524764668473713,0.07151374220848083,2235517.587990281,3803.554716898424,433949.39099841693,0.0,2645.8046337717133,466169.1387250093,1328849.8196623994,0.0,426490.96458909346,87.43846065836854,38949.99045659377,122509.33870284777,29618.668321086163,0.0,29295.9180294425,79.962814,0.0019108339,0.035449024,0.12927963,0.6974602,0.13584067,0.10129999,0.0,5.9680988E-5,0.062936075,0.14698139,0.14543977,0.19059458,0.59948814,0.0,0.0,0.0,20.490303784134714,0.1527956483467818,3.5301604119137884,9.406776019535697E-5,5.332042923378076,11.4704384732199,10.093255648254669,0.0,1.435865371255792,0.001011495781324713,0.0,8.65637878121755,0.0,0.0,4.619963249465511,4.619963249465511,43.28189390608775,0.0,3.3315299783270316,3.3315299783270316,11.4704384732199,0.0,0.14873917921061927,0.14873917921061927,1.0185438449057935,25.689898,5.338348271849147,30243.574914425517,2721.921850457749,0.01352866784716927,1.9876349999999992,0.0,0.0,6.2073819846419,0.0,0.0,0.0,0.0,0.0,0.0,0.0,0.0,0.5075502746650782,0.5075502746650782,0.19795837564686872,0.07889933537354911,-0.1290991,-0.13135995,-0.13447829,-0.13707022,0.0,0.0,0.0,0.0,0.0,-0.477945698146588,-0.35521852771415036,-0.3354345446515218,0.0,0.023760000243782997,0.023760000243782997,0.02975608827546239,0.07186895,0.07499859,0.07954931,0.080233976,0.0,0.0,0.0,0.0,0.0,0.0,0,0,0,0,0.0,0.0,0.0,0.0,0.0,0,0,0.24612830579280853,7.685741155960118E-4,56.17040553456172,1.1712580570430478,-54.999147477518676
2021-11-01T23:30:00,2021,305,23,0,"f855c612-9d38-4c7f-b599-eaf0ad04dce1",365.9583333618939,270.653176417685,4.316666731735069,14.4,0.8669999837875366,0.0,400.0,1.7,0.0,"[0.15329348174741142, 0.15648151072918592, 0.14083335965626734, 0.14083335965626734]","[-0.12686460299999996, -0.10000000000000002, -0.10000000000000002, -0.10000000000000002]",-0.1053729206,23.22750749065676,15.1,0.045679524719857034,14,3,0.0,0.0,0.0,0.0,0.0,0.0,0.0,-0.40090555591242655,-0.40090555591242655,0.0,0.0,0.0,0.0,-0.126861974092715,-0.337835,0.5514409689567201,0.07124754786491394,2235426.6753206723,3797.586547480859,433921.9111664801,0.0,2651.7521010736127,466129.4554144103,1328826.0908388533,0.0,426459.2637507978,84.8164946002536,38936.46267948247,122464.51431848638,29596.617866529657,0.0,29273.982096441323,78.57491,0.0019225506,0.036040887,0.13000008,0.6963054,0.13567042,0.10159818,0.0,6.0652943E-5,0.035314348,0.15128414,0.1496896,0.19622263,0.6171788,0.0,0.0,0.0,20.457484179535285,0.1510642418410475,3.5245093103682574,9.325132514172904E-5,5.323842265070959,11.453209311420796,9.849855102729377,0.0,1.3971085550066076,0.0010106396183724932,0.0,8.451735908104395,0.0,0.0,4.510647572403582,4.510647572403582,42.25867954052199,0.0,3.326073942916778,3.326073942916778,11.453209311420796,0.0,0.1463461815013596,0.1463461815013596,1.000246494475065,25.702738,5.244804343200041,30393.491833335363,2735.41437369578,0.01359628216343773,1.9876349999999992,0.0,0.0,6.0986099697977,0.0,0.0,0.0,0.0,0.0,0.0,0.0,0.0,0.5075502746650782,0.5075502746650782,0.19795837564686872,0.07889933537354911,-0.12945223,-0.13171308,-0.13483141,-0.13742335,0.0,0.0,0.0,0.0,0.0,-0.477945698146588,-0.35521852771415036,-0.3354345446515218,0.0,0.023760000243782997,0.023760000243782997,0.02975608827546239,0.07157605,0.07442942,0.07837733,0.07877019,0.0,0.0,0.0,0.0,0.0,0.0,0,0,0,0,0.0,0.0,0.0,0.0,0.0,0,0,0.24612830579280853,7.685733847746139E-4,55.393450470175594,1.1504855052260232,-54.24296496494957
2021-11-02T00:30:00,2021,306,0,0,"f855c612-9d38-4c7f-b599-eaf0ad04dce1",366.0000000298023,270.67470916572546,4.454166743780174,13.3,0.8939999938011169,0.0,400.0,1.5,0.0,"[0.1528044378830547, 0.15648151072918592, 0.14083335965626734, 0.14083335965626734]","[-0.127695922, -0.10000000000000002, -0.10000000000000002, -0.10000000000000002]",-0.10553918440000001,23.178603103492357,15.1,0.045679524719857034,14,3,0.0,0.0,0.0,0.0,0.0,0.0,0.0,-0.3720888836043222,-0.3720888836043222,0.0,0.0,0.0,0.0,-0.10403997036528027,-0.337835,0.5869841398459316,0.07339589297771454,2235338.8924761675,3794.516992026177,433884.76187314925,0.0,2657.7578643436477,466093.39291310566,1328808.5835825275,0.0,426420.08463988826,83.46796213534219,38924.43232049901,122424.54718445902,29576.969290494017,0.0,29254.434828451962,70.59703,0.0021124308,0.040891074,0.13764355,0.7380551,0.08123087,0.06071093,0.0,6.700681E-5,0.020658808,0.15344287,0.15183493,0.19924018,0.6266582,0.0,0.0,0.0,20.30155314136576,0.14913132636428092,3.4975307471786876,8.799387527895188E-5,5.283420521567129,11.36665207049937,8.379739980965407,0.0,0.41910727786667323,0.0010312651224139307,0.0,7.95960143797632,-480.76054528913954,0.0,0.8476015625539283,0.8476015625539283,39.79800718988161,0.0,3.3004955636805398,3.3004955636805398,11.36665207049937,0.0,0.13791408649954925,0.13791408649954925,0.9398354761896094,25.706234,4.910622881384796,30549.11877910277,2749.4207993714117,0.013666437282475043,1.9876349999999992,0.0,0.0,5.710026857561994,0.0,0.0,0.0,0.0,0.0,0.0,0.0,0.0,0.5075502746650782,0.5075502746650782,0.19795837564686872,0.07889933537354911,-0.10663022,-0.10889108,-0.112009406,-0.11460135,0.0,0.0,0.0,0.0,0.0,-0.477945698146588,-0.35521852771415036,-0.3354345446515218,0.0,0.023760000243782997,0.023760000243782997,0.02975608827546239,0.07378691,0.07697292,0.08128023,0.081889525,0.0,0.0,0.0,0.0,0.0,0.0,0,0,0,0,0.0,0.0,0.0,0.0,0.0,0,0,0.25027623772621155,7.646725540106416E-4,49.43832455994561,1.081426229210883,-48.35689833073473
